Entity,Code,Date,people_fully_vaccinated_per_hundred
Albania,ALB,2021-02-02,0
Albania,ALB,2021-02-09,0.02
Albania,ALB,2021-02-17,0.02
Albania,ALB,2021-02-18,0.02
Albania,ALB,2021-02-22,0.02
Argentina,ARG,2021-01-20,0.01
Argentina,ARG,2021-01-21,0.04
Argentina,ARG,2021-01-22,0.06
Argentina,ARG,2021-01-23,0.06
Argentina,ARG,2021-01-24,0.07
Argentina,ARG,2021-01-25,0.07
Argentina,ARG,2021-01-26,0.09
Argentina,ARG,2021-01-27,0.1
Argentina,ARG,2021-01-28,0.11
Argentina,ARG,2021-01-29,0.15
Argentina,ARG,2021-01-30,0.19
Argentina,ARG,2021-02-01,0.21
Argentina,ARG,2021-02-03,0.25
Argentina,ARG,2021-02-04,0.32
Argentina,ARG,2021-02-06,0.36
Argentina,ARG,2021-02-07,0.4
Argentina,ARG,2021-02-08,0.42
Argentina,ARG,2021-02-09,0.42
Argentina,ARG,2021-02-10,0.44
Argentina,ARG,2021-02-11,0.47
Argentina,ARG,2021-02-12,0.49
Argentina,ARG,2021-02-13,0.52
Argentina,ARG,2021-02-14,0.53
Argentina,ARG,2021-02-15,0.53
Argentina,ARG,2021-02-16,0.53
Argentina,ARG,2021-02-17,0.53
Argentina,ARG,2021-02-18,0.54
Argentina,ARG,2021-02-19,0.56
Argentina,ARG,2021-02-20,0.58
Argentina,ARG,2021-02-21,0.58
Argentina,ARG,2021-02-22,0.58
Argentina,ARG,2021-02-23,0.59
Argentina,ARG,2021-02-24,0.59
Argentina,ARG,2021-02-25,0.6
Argentina,ARG,2021-02-26,0.63
Argentina,ARG,2021-02-27,0.64
Argentina,ARG,2021-02-28,0.65
Argentina,ARG,2021-03-01,0.65
Argentina,ARG,2021-03-02,0.67
Argentina,ARG,2021-03-03,0.68
Argentina,ARG,2021-03-04,0.69
Argentina,ARG,2021-03-05,0.72
Argentina,ARG,2021-03-07,0.76
Argentina,ARG,2021-03-08,0.76
Argentina,ARG,2021-03-09,0.77
Argentina,ARG,2021-03-10,0.77
Austria,AUT,2021-01-17,0
Austria,AUT,2021-01-18,0.01
Austria,AUT,2021-01-19,0.03
Austria,AUT,2021-01-20,0.04
Austria,AUT,2021-01-21,0.04
Austria,AUT,2021-01-22,0.05
Austria,AUT,2021-01-23,0.05
Austria,AUT,2021-01-24,0.05
Austria,AUT,2021-01-25,0.05
Austria,AUT,2021-01-26,0.06
Austria,AUT,2021-01-27,0.07
Austria,AUT,2021-01-28,0.09
Austria,AUT,2021-01-29,0.2
Austria,AUT,2021-01-30,0.22
Austria,AUT,2021-01-31,0.24
Austria,AUT,2021-02-01,0.27
Austria,AUT,2021-02-02,0.42
Austria,AUT,2021-02-03,0.57
Austria,AUT,2021-02-04,0.75
Austria,AUT,2021-02-05,0.93
Austria,AUT,2021-02-06,1
Austria,AUT,2021-02-07,1.04
Austria,AUT,2021-02-08,1.13
Austria,AUT,2021-02-09,1.3
Austria,AUT,2021-02-10,1.5
Austria,AUT,2021-02-11,1.7
Austria,AUT,2021-02-12,1.9
Austria,AUT,2021-02-13,1.95
Austria,AUT,2021-02-14,1.97
Austria,AUT,2021-02-15,2
Austria,AUT,2021-02-16,2.09
Austria,AUT,2021-02-17,2.19
Austria,AUT,2021-02-18,2.27
Austria,AUT,2021-02-19,2.37
Austria,AUT,2021-02-20,2.38
Austria,AUT,2021-02-21,2.39
Austria,AUT,2021-02-22,2.41
Austria,AUT,2021-02-23,2.46
Austria,AUT,2021-02-24,2.49
Austria,AUT,2021-02-25,2.53
Austria,AUT,2021-02-26,2.58
Austria,AUT,2021-02-27,2.6
Austria,AUT,2021-02-28,2.61
Austria,AUT,2021-03-01,2.61
Austria,AUT,2021-03-02,2.64
Austria,AUT,2021-03-03,2.66
Austria,AUT,2021-03-04,2.69
Austria,AUT,2021-03-05,2.72
Austria,AUT,2021-03-06,2.75
Austria,AUT,2021-03-07,2.75
Austria,AUT,2021-03-08,2.77
Austria,AUT,2021-03-09,2.8
Bahrain,BHR,2021-03-06,11.72
Bahrain,BHR,2021-03-07,11.84
Bahrain,BHR,2021-03-08,11.91
Bahrain,BHR,2021-03-09,11.98
Bahrain,BHR,2021-03-10,12.11
Belgium,BEL,2021-01-18,0
Belgium,BEL,2021-01-19,0
Belgium,BEL,2021-01-20,0.01
Belgium,BEL,2021-01-21,0.01
Belgium,BEL,2021-01-22,0.01
Belgium,BEL,2021-01-23,0.01
Belgium,BEL,2021-01-24,0.01
Belgium,BEL,2021-01-25,0.01
Belgium,BEL,2021-01-26,0.02
Belgium,BEL,2021-01-27,0.05
Belgium,BEL,2021-01-28,0.11
Belgium,BEL,2021-01-29,0.18
Belgium,BEL,2021-01-30,0.21
Belgium,BEL,2021-01-31,0.21
Belgium,BEL,2021-02-01,0.24
Belgium,BEL,2021-02-02,0.36
Belgium,BEL,2021-02-03,0.53
Belgium,BEL,2021-02-04,0.73
Belgium,BEL,2021-02-05,0.92
Belgium,BEL,2021-02-06,0.96
Belgium,BEL,2021-02-07,0.99
Belgium,BEL,2021-02-08,1.05
Belgium,BEL,2021-02-09,1.22
Belgium,BEL,2021-02-10,1.37
Belgium,BEL,2021-02-11,1.61
Belgium,BEL,2021-02-12,1.85
Belgium,BEL,2021-02-13,1.91
Belgium,BEL,2021-02-14,1.93
Belgium,BEL,2021-02-15,2.03
Belgium,BEL,2021-02-16,2.12
Belgium,BEL,2021-02-17,2.22
Belgium,BEL,2021-02-18,2.36
Belgium,BEL,2021-02-19,2.47
Belgium,BEL,2021-02-20,2.48
Belgium,BEL,2021-02-21,2.48
Belgium,BEL,2021-02-22,2.5
Belgium,BEL,2021-02-23,2.57
Belgium,BEL,2021-02-24,2.63
Belgium,BEL,2021-02-25,2.7
Belgium,BEL,2021-02-26,2.76
Belgium,BEL,2021-02-27,2.76
Belgium,BEL,2021-02-28,2.76
Belgium,BEL,2021-03-01,2.79
Belgium,BEL,2021-03-02,2.84
Belgium,BEL,2021-03-03,2.88
Belgium,BEL,2021-03-04,2.95
Belgium,BEL,2021-03-05,2.99
Belgium,BEL,2021-03-06,3
Belgium,BEL,2021-03-07,3
Belgium,BEL,2021-03-08,3.01
Belgium,BEL,2021-03-09,3.04
Bermuda,BMU,2021-02-06,2.55
Bermuda,BMU,2021-02-09,2.57
Bermuda,BMU,2021-02-22,7.66
Bermuda,BMU,2021-02-27,11.31
Bermuda,BMU,2021-03-03,13.88
Bolivia,BOL,2021-03-02,0.08
Bolivia,BOL,2021-03-03,0.08
Bolivia,BOL,2021-03-04,0.08
Bolivia,BOL,2021-03-05,0.08
Bolivia,BOL,2021-03-06,0.08
Bolivia,BOL,2021-03-07,0.08
Bolivia,BOL,2021-03-08,0.08
Bolivia,BOL,2021-03-09,0.08
Bolivia,BOL,2021-03-10,0.08
Brazil,BRA,2021-02-06,0
Brazil,BRA,2021-02-07,0.01
Brazil,BRA,2021-02-08,0.01
Brazil,BRA,2021-02-09,0.02
Brazil,BRA,2021-02-10,0.02
Brazil,BRA,2021-02-11,0.04
Brazil,BRA,2021-02-12,0.05
Brazil,BRA,2021-02-13,0.08
Brazil,BRA,2021-02-14,0.09
Brazil,BRA,2021-02-15,0.1
Brazil,BRA,2021-02-16,0.13
Brazil,BRA,2021-02-17,0.26
Brazil,BRA,2021-02-18,0.34
Brazil,BRA,2021-02-19,0.42
Brazil,BRA,2021-02-20,0.5
Brazil,BRA,2021-02-21,0.53
Brazil,BRA,2021-02-22,0.55
Brazil,BRA,2021-02-23,0.61
Brazil,BRA,2021-02-24,0.68
Brazil,BRA,2021-02-25,0.75
Brazil,BRA,2021-02-26,0.83
Brazil,BRA,2021-02-27,0.89
Brazil,BRA,2021-02-28,0.9
Brazil,BRA,2021-03-01,0.9
Brazil,BRA,2021-03-02,0.96
Brazil,BRA,2021-03-03,1.02
Brazil,BRA,2021-03-04,1.09
Brazil,BRA,2021-03-05,1.16
Brazil,BRA,2021-03-06,1.23
Brazil,BRA,2021-03-07,1.26
Brazil,BRA,2021-03-08,1.28
Brazil,BRA,2021-03-09,1.34
Brazil,BRA,2021-03-10,1.41
Bulgaria,BGR,2021-01-18,0.02
Bulgaria,BGR,2021-01-19,0.05
Bulgaria,BGR,2021-01-20,0.06
Bulgaria,BGR,2021-01-21,0.07
Bulgaria,BGR,2021-01-22,0.07
Bulgaria,BGR,2021-01-23,0.07
Bulgaria,BGR,2021-01-24,0.07
Bulgaria,BGR,2021-01-25,0.07
Bulgaria,BGR,2021-01-26,0.08
Bulgaria,BGR,2021-01-27,0.11
Bulgaria,BGR,2021-01-28,0.16
Bulgaria,BGR,2021-01-29,0.19
Bulgaria,BGR,2021-01-30,0.19
Bulgaria,BGR,2021-01-31,0.19
Bulgaria,BGR,2021-02-01,0.2
Bulgaria,BGR,2021-02-02,0.22
Bulgaria,BGR,2021-02-03,0.24
Bulgaria,BGR,2021-02-04,0.25
Bulgaria,BGR,2021-02-05,0.25
Bulgaria,BGR,2021-02-06,0.25
Bulgaria,BGR,2021-02-07,0.25
Bulgaria,BGR,2021-02-08,0.25
Bulgaria,BGR,2021-02-09,0.26
Bulgaria,BGR,2021-02-10,0.27
Bulgaria,BGR,2021-02-11,0.28
Bulgaria,BGR,2021-02-12,0.3
Bulgaria,BGR,2021-02-13,0.3
Bulgaria,BGR,2021-02-14,0.3
Bulgaria,BGR,2021-02-15,0.31
Bulgaria,BGR,2021-02-16,0.33
Bulgaria,BGR,2021-02-17,0.35
Bulgaria,BGR,2021-02-18,0.37
Bulgaria,BGR,2021-02-19,0.38
Bulgaria,BGR,2021-02-20,0.39
Bulgaria,BGR,2021-02-21,0.39
Bulgaria,BGR,2021-02-22,0.4
Bulgaria,BGR,2021-02-23,0.43
Bulgaria,BGR,2021-02-24,0.46
Bulgaria,BGR,2021-02-25,0.5
Bulgaria,BGR,2021-02-26,0.54
Bulgaria,BGR,2021-02-27,0.54
Bulgaria,BGR,2021-02-28,0.54
Bulgaria,BGR,2021-03-01,0.56
Bulgaria,BGR,2021-03-02,0.6
Bulgaria,BGR,2021-03-03,0.6
Bulgaria,BGR,2021-03-04,0.67
Bulgaria,BGR,2021-03-05,0.72
Bulgaria,BGR,2021-03-06,0.72
Bulgaria,BGR,2021-03-07,0.72
Bulgaria,BGR,2021-03-08,0.73
Bulgaria,BGR,2021-03-09,0.74
Bulgaria,BGR,2021-03-10,0.76
Canada,CAN,2021-01-07,0.01
Canada,CAN,2021-01-08,0.01
Canada,CAN,2021-01-09,0.02
Canada,CAN,2021-01-10,0.02
Canada,CAN,2021-01-11,0.02
Canada,CAN,2021-01-12,0.02
Canada,CAN,2021-01-13,0.04
Canada,CAN,2021-01-14,0.06
Canada,CAN,2021-01-15,0.07
Canada,CAN,2021-01-16,0.08
Canada,CAN,2021-01-17,0.08
Canada,CAN,2021-01-18,0.08
Canada,CAN,2021-01-19,0.1
Canada,CAN,2021-01-20,0.14
Canada,CAN,2021-01-21,0.17
Canada,CAN,2021-01-22,0.2
Canada,CAN,2021-01-23,0.22
Canada,CAN,2021-01-24,0.23
Canada,CAN,2021-01-25,0.27
Canada,CAN,2021-01-26,0.3
Canada,CAN,2021-01-27,0.22
Canada,CAN,2021-01-28,0.24
Canada,CAN,2021-01-29,0.27
Canada,CAN,2021-01-30,0.29
Canada,CAN,2021-01-31,0.3
Canada,CAN,2021-02-01,0.31
Canada,CAN,2021-02-02,0.32
Canada,CAN,2021-02-03,0.34
Canada,CAN,2021-02-04,0.38
Canada,CAN,2021-02-05,0.41
Canada,CAN,2021-02-06,0.45
Canada,CAN,2021-02-07,0.47
Canada,CAN,2021-02-08,0.5
Canada,CAN,2021-02-09,0.54
Canada,CAN,2021-02-10,0.59
Canada,CAN,2021-02-11,0.65
Canada,CAN,2021-02-12,0.71
Canada,CAN,2021-02-13,0.76
Canada,CAN,2021-02-14,0.8
Canada,CAN,2021-02-15,0.82
Canada,CAN,2021-02-16,0.87
Canada,CAN,2021-02-17,0.91
Canada,CAN,2021-02-18,0.96
Canada,CAN,2021-02-19,1.03
Canada,CAN,2021-02-20,1.07
Canada,CAN,2021-02-21,1.11
Canada,CAN,2021-02-22,1.19
Canada,CAN,2021-02-23,1.24
Canada,CAN,2021-02-24,1.28
Canada,CAN,2021-02-25,1.32
Canada,CAN,2021-02-26,1.36
Canada,CAN,2021-02-27,1.38
Canada,CAN,2021-02-28,1.39
Canada,CAN,2021-03-01,1.43
Canada,CAN,2021-03-02,1.45
Canada,CAN,2021-03-03,1.47
Canada,CAN,2021-03-04,1.48
Canada,CAN,2021-03-05,1.49
Canada,CAN,2021-03-06,1.49
Canada,CAN,2021-03-07,1.5
Canada,CAN,2021-03-08,1.53
Canada,CAN,2021-03-09,1.53
Canada,CAN,2021-03-10,1.55
Cayman Islands,CYM,2021-02-04,4.86
Cayman Islands,CYM,2021-02-09,7.26
Cayman Islands,CYM,2021-02-10,7.87
Cayman Islands,CYM,2021-02-12,9.69
Cayman Islands,CYM,2021-02-17,10.56
Cayman Islands,CYM,2021-02-19,10.66
Cayman Islands,CYM,2021-02-20,11.62
Cayman Islands,CYM,2021-02-23,11.71
Cayman Islands,CYM,2021-02-24,11.8
Cayman Islands,CYM,2021-03-05,13.51
Chile,CHL,2021-01-13,0.01
Chile,CHL,2021-01-14,0.03
Chile,CHL,2021-01-15,0.04
Chile,CHL,2021-01-16,0.04
Chile,CHL,2021-01-17,0.04
Chile,CHL,2021-01-18,0.04
Chile,CHL,2021-01-19,0.04
Chile,CHL,2021-01-20,0.04
Chile,CHL,2021-01-21,0.04
Chile,CHL,2021-01-22,0.04
Chile,CHL,2021-01-23,0.04
Chile,CHL,2021-01-24,0.04
Chile,CHL,2021-01-25,0.05
Chile,CHL,2021-01-26,0.05
Chile,CHL,2021-01-27,0.05
Chile,CHL,2021-01-28,0.05
Chile,CHL,2021-01-29,0.05
Chile,CHL,2021-01-30,0.05
Chile,CHL,2021-01-31,0.05
Chile,CHL,2021-02-01,0.05
Chile,CHL,2021-02-02,0.05
Chile,CHL,2021-02-03,0.05
Chile,CHL,2021-02-04,0.07
Chile,CHL,2021-02-05,0.07
Chile,CHL,2021-02-06,0.07
Chile,CHL,2021-02-07,0.07
Chile,CHL,2021-02-08,0.13
Chile,CHL,2021-02-09,0.23
Chile,CHL,2021-02-10,0.28
Chile,CHL,2021-02-11,0.29
Chile,CHL,2021-02-12,0.29
Chile,CHL,2021-02-13,0.29
Chile,CHL,2021-02-14,0.29
Chile,CHL,2021-02-15,0.29
Chile,CHL,2021-02-16,0.29
Chile,CHL,2021-02-17,0.29
Chile,CHL,2021-02-18,0.29
Chile,CHL,2021-02-19,0.29
Chile,CHL,2021-02-20,0.29
Chile,CHL,2021-02-21,0.29
Chile,CHL,2021-02-22,0.29
Chile,CHL,2021-02-23,0.29
Chile,CHL,2021-02-24,0.29
Chile,CHL,2021-02-25,0.29
Chile,CHL,2021-02-26,0.29
Chile,CHL,2021-02-27,0.29
Chile,CHL,2021-02-28,0.29
Chile,CHL,2021-03-01,0.3
Chile,CHL,2021-03-02,0.36
Chile,CHL,2021-03-03,1.17
Chile,CHL,2021-03-04,2.03
Chile,CHL,2021-03-05,2.87
Chile,CHL,2021-03-06,3
Chile,CHL,2021-03-07,3.03
Chile,CHL,2021-03-08,4.15
Chile,CHL,2021-03-09,5.37
Chile,CHL,2021-03-10,6.64
Costa Rica,CRI,2021-01-15,0
Costa Rica,CRI,2021-01-18,0
Costa Rica,CRI,2021-01-25,0.05
Costa Rica,CRI,2021-02-01,0.23
Costa Rica,CRI,2021-02-08,0.56
Costa Rica,CRI,2021-02-15,0.84
Costa Rica,CRI,2021-02-22,0.86
Costa Rica,CRI,2021-03-01,0.91
Costa Rica,CRI,2021-03-05,1.04
Croatia,HRV,2021-01-25,0.29
Croatia,HRV,2021-02-01,0.61
Croatia,HRV,2021-02-03,0.7
Croatia,HRV,2021-02-04,0.87
Croatia,HRV,2021-02-09,1.02
Croatia,HRV,2021-02-11,1.17
Croatia,HRV,2021-02-15,1.29
Croatia,HRV,2021-02-18,1.34
Croatia,HRV,2021-02-22,1.41
Croatia,HRV,2021-02-24,1.42
Croatia,HRV,2021-02-25,1.43
Croatia,HRV,2021-03-01,1.46
Croatia,HRV,2021-03-04,1.46
Croatia,HRV,2021-03-08,1.54
Cyprus,CYP,2021-01-23,0.23
Cyprus,CYP,2021-01-30,0.63
Cyprus,CYP,2021-02-06,1.14
Cyprus,CYP,2021-02-13,1.69
Cyprus,CYP,2021-02-20,2.19
Cyprus,CYP,2021-02-23,2.32
Cyprus,CYP,2021-02-26,2.58
Czechia,CZE,2021-01-17,0.01
Czechia,CZE,2021-01-18,0.02
Czechia,CZE,2021-01-19,0.05
Czechia,CZE,2021-01-20,0.07
Czechia,CZE,2021-01-21,0.09
Czechia,CZE,2021-01-22,0.1
Czechia,CZE,2021-01-23,0.11
Czechia,CZE,2021-01-24,0.11
Czechia,CZE,2021-01-25,0.14
Czechia,CZE,2021-01-26,0.18
Czechia,CZE,2021-01-27,0.22
Czechia,CZE,2021-01-28,0.28
Czechia,CZE,2021-01-29,0.35
Czechia,CZE,2021-01-30,0.36
Czechia,CZE,2021-01-31,0.37
Czechia,CZE,2021-02-01,0.44
Czechia,CZE,2021-02-02,0.54
Czechia,CZE,2021-02-03,0.64
Czechia,CZE,2021-02-04,0.76
Czechia,CZE,2021-02-05,0.86
Czechia,CZE,2021-02-06,0.88
Czechia,CZE,2021-02-07,0.9
Czechia,CZE,2021-02-08,1.01
Czechia,CZE,2021-02-09,1.12
Czechia,CZE,2021-02-10,1.24
Czechia,CZE,2021-02-11,1.39
Czechia,CZE,2021-02-12,1.53
Czechia,CZE,2021-02-13,1.55
Czechia,CZE,2021-02-14,1.57
Czechia,CZE,2021-02-15,1.65
Czechia,CZE,2021-02-16,1.74
Czechia,CZE,2021-02-17,1.81
Czechia,CZE,2021-02-18,1.89
Czechia,CZE,2021-02-19,1.95
Czechia,CZE,2021-02-20,1.96
Czechia,CZE,2021-02-21,1.97
Czechia,CZE,2021-02-22,2.03
Czechia,CZE,2021-02-23,2.09
Czechia,CZE,2021-02-24,2.15
Czechia,CZE,2021-02-25,2.2
Czechia,CZE,2021-02-26,2.25
Czechia,CZE,2021-02-27,2.25
Czechia,CZE,2021-02-28,2.26
Czechia,CZE,2021-03-01,2.29
Czechia,CZE,2021-03-02,2.32
Czechia,CZE,2021-03-03,2.36
Czechia,CZE,2021-03-04,2.4
Czechia,CZE,2021-03-05,2.45
Czechia,CZE,2021-03-06,2.46
Czechia,CZE,2021-03-07,2.47
Czechia,CZE,2021-03-08,2.51
Czechia,CZE,2021-03-09,2.56
Czechia,CZE,2021-03-10,2.61
Denmark,DNK,2021-01-15,0
Denmark,DNK,2021-01-16,0
Denmark,DNK,2021-01-17,0.01
Denmark,DNK,2021-01-18,0.05
Denmark,DNK,2021-01-19,0.09
Denmark,DNK,2021-01-20,0.12
Denmark,DNK,2021-01-21,0.16
Denmark,DNK,2021-01-22,0.26
Denmark,DNK,2021-01-23,0.38
Denmark,DNK,2021-01-24,0.49
Denmark,DNK,2021-01-25,0.53
Denmark,DNK,2021-01-26,0.56
Denmark,DNK,2021-01-27,0.64
Denmark,DNK,2021-01-28,0.78
Denmark,DNK,2021-01-29,1.1
Denmark,DNK,2021-01-30,1.32
Denmark,DNK,2021-01-31,1.53
Denmark,DNK,2021-02-01,1.67
Denmark,DNK,2021-02-02,1.72
Denmark,DNK,2021-02-03,1.83
Denmark,DNK,2021-02-04,2.02
Denmark,DNK,2021-02-05,2.25
Denmark,DNK,2021-02-06,2.36
Denmark,DNK,2021-02-07,2.43
Denmark,DNK,2021-02-08,2.55
Denmark,DNK,2021-02-09,2.63
Denmark,DNK,2021-02-10,2.7
Denmark,DNK,2021-02-11,2.74
Denmark,DNK,2021-02-12,2.88
Denmark,DNK,2021-02-13,2.89
Denmark,DNK,2021-02-14,2.9
Denmark,DNK,2021-02-15,2.96
Denmark,DNK,2021-02-16,2.98
Denmark,DNK,2021-02-17,2.99
Denmark,DNK,2021-02-18,2.99
Denmark,DNK,2021-02-19,3.01
Denmark,DNK,2021-02-20,3.02
Denmark,DNK,2021-02-21,3.03
Denmark,DNK,2021-02-22,3.04
Denmark,DNK,2021-02-23,3.08
Denmark,DNK,2021-02-24,3.11
Denmark,DNK,2021-02-25,3.12
Denmark,DNK,2021-02-26,3.14
Denmark,DNK,2021-02-27,3.16
Denmark,DNK,2021-02-28,3.19
Denmark,DNK,2021-03-01,3.21
Denmark,DNK,2021-03-02,3.23
Denmark,DNK,2021-03-03,3.25
Denmark,DNK,2021-03-04,3.28
Denmark,DNK,2021-03-05,3.38
Denmark,DNK,2021-03-06,3.45
Denmark,DNK,2021-03-07,3.52
Denmark,DNK,2021-03-08,3.63
Denmark,DNK,2021-03-09,3.75
Denmark,DNK,2021-03-10,3.75
Ecuador,ECU,2021-02-17,0.01
Ecuador,ECU,2021-02-24,0.02
Ecuador,ECU,2021-03-01,0.04
Ecuador,ECU,2021-03-04,0.04
Ecuador,ECU,2021-03-05,0.04
Ecuador,ECU,2021-03-08,0.04
Ecuador,ECU,2021-03-09,0.04
England,,2021-01-03,0.04
England,,2021-01-10,0.67
England,,2021-01-11,0.7
England,,2021-01-12,0.72
England,,2021-01-13,0.74
England,,2021-01-14,0.75
England,,2021-01-15,0.75
England,,2021-01-16,0.76
England,,2021-01-17,0.76
England,,2021-01-18,0.77
England,,2021-01-19,0.77
England,,2021-01-20,0.78
England,,2021-01-21,0.78
England,,2021-01-22,0.78
England,,2021-01-23,0.78
England,,2021-01-24,0.78
England,,2021-01-25,0.79
England,,2021-01-26,0.79
England,,2021-01-27,0.79
England,,2021-01-28,0.79
England,,2021-01-29,0.8
England,,2021-01-30,0.81
England,,2021-01-31,0.82
England,,2021-02-01,0.82
England,,2021-02-02,0.82
England,,2021-02-03,0.83
England,,2021-02-04,0.83
England,,2021-02-05,0.84
England,,2021-02-06,0.84
England,,2021-02-07,0.84
England,,2021-02-08,0.84
England,,2021-02-09,0.84
England,,2021-02-10,0.85
England,,2021-02-11,0.86
England,,2021-02-12,0.87
England,,2021-02-13,0.87
England,,2021-02-14,0.87
England,,2021-02-15,0.88
England,,2021-02-16,0.88
England,,2021-02-17,0.89
England,,2021-02-18,0.9
England,,2021-02-19,0.9
England,,2021-02-20,0.91
England,,2021-02-21,0.91
England,,2021-02-22,0.92
England,,2021-02-23,0.94
England,,2021-02-24,0.96
England,,2021-02-25,0.99
England,,2021-02-26,1.02
England,,2021-02-27,1.05
England,,2021-02-28,1.07
England,,2021-03-01,1.09
England,,2021-03-02,1.14
England,,2021-03-03,1.22
England,,2021-03-04,1.3
England,,2021-03-05,1.36
England,,2021-03-06,1.4
England,,2021-03-07,1.42
England,,2021-03-08,1.46
England,,2021-03-09,1.54
Estonia,EST,2021-01-28,0.47
Estonia,EST,2021-01-29,0.57
Estonia,EST,2021-01-30,0.72
Estonia,EST,2021-01-31,0.77
Estonia,EST,2021-02-01,0.78
Estonia,EST,2021-02-02,0.85
Estonia,EST,2021-02-03,0.97
Estonia,EST,2021-02-04,1.08
Estonia,EST,2021-02-05,1.2
Estonia,EST,2021-02-06,1.31
Estonia,EST,2021-02-07,1.32
Estonia,EST,2021-02-08,1.32
Estonia,EST,2021-02-10,1.44
Estonia,EST,2021-02-11,1.51
Estonia,EST,2021-02-12,1.61
Estonia,EST,2021-02-13,1.67
Estonia,EST,2021-02-14,1.68
Estonia,EST,2021-02-15,1.68
Estonia,EST,2021-02-16,1.7
Estonia,EST,2021-02-17,1.75
Estonia,EST,2021-02-18,1.8
Estonia,EST,2021-02-19,1.87
Estonia,EST,2021-02-20,1.95
Estonia,EST,2021-02-21,1.96
Estonia,EST,2021-02-22,1.99
Estonia,EST,2021-02-23,2.06
Estonia,EST,2021-02-24,2.13
Estonia,EST,2021-02-25,2.14
Estonia,EST,2021-02-27,2.53
Estonia,EST,2021-03-01,2.57
Estonia,EST,2021-03-02,2.64
Estonia,EST,2021-03-04,3
Estonia,EST,2021-03-05,3.18
Estonia,EST,2021-03-07,3.31
Estonia,EST,2021-03-09,3.33
Estonia,EST,2021-03-10,3.42
European Union,,2021-01-14,0
European Union,,2021-01-15,0
European Union,,2021-01-16,0
European Union,,2021-01-17,0.01
European Union,,2021-01-18,0.01
European Union,,2021-01-19,0.03
European Union,,2021-01-20,0.05
European Union,,2021-01-21,0.08
European Union,,2021-01-22,0.1
European Union,,2021-01-23,0.12
European Union,,2021-01-24,0.14
European Union,,2021-01-25,0.19
European Union,,2021-01-26,0.25
European Union,,2021-01-27,0.31
European Union,,2021-01-28,0.38
European Union,,2021-01-29,0.44
European Union,,2021-01-30,0.49
European Union,,2021-01-31,0.56
European Union,,2021-02-01,0.64
European Union,,2021-02-02,0.73
European Union,,2021-02-03,0.83
European Union,,2021-02-04,0.95
European Union,,2021-02-05,1.04
European Union,,2021-02-06,1.08
European Union,,2021-02-07,1.15
European Union,,2021-02-08,1.21
European Union,,2021-02-09,1.3
European Union,,2021-02-10,1.38
European Union,,2021-02-11,1.49
European Union,,2021-02-12,1.58
European Union,,2021-02-13,1.62
European Union,,2021-02-14,1.69
European Union,,2021-02-15,1.75
European Union,,2021-02-16,1.82
European Union,,2021-02-17,1.9
European Union,,2021-02-18,2
European Union,,2021-02-19,2.07
European Union,,2021-02-20,2.1
European Union,,2021-02-21,2.16
European Union,,2021-02-22,2.2
European Union,,2021-02-23,2.25
European Union,,2021-02-24,2.32
European Union,,2021-02-25,2.38
European Union,,2021-02-26,2.46
European Union,,2021-02-27,2.48
European Union,,2021-02-28,2.54
European Union,,2021-03-01,2.58
European Union,,2021-03-02,2.63
European Union,,2021-03-03,2.7
European Union,,2021-03-04,2.79
European Union,,2021-03-05,2.85
European Union,,2021-03-06,2.9
European Union,,2021-03-07,2.94
European Union,,2021-03-08,2.99
European Union,,2021-03-09,3.06
European Union,,2021-03-10,3.09
Faeroe Islands,FRO,2021-01-29,0
Faeroe Islands,FRO,2021-02-06,1.24
Faeroe Islands,FRO,2021-02-08,1.4
Faeroe Islands,FRO,2021-02-10,2.5
Faeroe Islands,FRO,2021-02-21,3.1
Faeroe Islands,FRO,2021-02-23,4.27
Faeroe Islands,FRO,2021-02-24,5.16
Faeroe Islands,FRO,2021-03-03,5.79
Faeroe Islands,FRO,2021-03-04,6.46
Faeroe Islands,FRO,2021-03-05,6.78
Faeroe Islands,FRO,2021-03-06,7.52
Faeroe Islands,FRO,2021-03-08,7.79
Finland,FIN,2021-01-25,0.08
Finland,FIN,2021-01-26,0.13
Finland,FIN,2021-01-27,0.17
Finland,FIN,2021-01-28,0.19
Finland,FIN,2021-01-29,0.26
Finland,FIN,2021-01-30,0.32
Finland,FIN,2021-02-01,0.33
Finland,FIN,2021-02-02,0.33
Finland,FIN,2021-02-03,0.42
Finland,FIN,2021-02-04,0.62
Finland,FIN,2021-02-05,0.77
Finland,FIN,2021-02-06,0.88
Finland,FIN,2021-02-07,0.9
Finland,FIN,2021-02-08,0.9
Finland,FIN,2021-02-09,0.97
Finland,FIN,2021-02-10,1.01
Finland,FIN,2021-02-11,1.09
Finland,FIN,2021-02-12,1.15
Finland,FIN,2021-02-13,1.21
Finland,FIN,2021-02-14,1.21
Finland,FIN,2021-02-15,1.21
Finland,FIN,2021-02-16,1.22
Finland,FIN,2021-02-17,1.24
Finland,FIN,2021-02-18,1.27
Finland,FIN,2021-02-19,1.29
Finland,FIN,2021-02-20,1.31
Finland,FIN,2021-02-21,1.37
Finland,FIN,2021-02-24,1.36
Finland,FIN,2021-02-25,1.4
Finland,FIN,2021-02-26,1.44
Finland,FIN,2021-02-27,1.46
Finland,FIN,2021-02-28,1.46
Finland,FIN,2021-03-01,1.48
Finland,FIN,2021-03-03,1.5
Finland,FIN,2021-03-04,1.51
Finland,FIN,2021-03-05,1.52
Finland,FIN,2021-03-06,1.53
Finland,FIN,2021-03-08,1.53
Finland,FIN,2021-03-09,1.53
Finland,FIN,2021-03-10,1.54
France,FRA,2021-01-26,0.01
France,FRA,2021-01-27,0.02
France,FRA,2021-01-28,0.04
France,FRA,2021-01-29,0.06
France,FRA,2021-01-30,0.07
France,FRA,2021-01-31,0.07
France,FRA,2021-02-01,0.1
France,FRA,2021-02-02,0.15
France,FRA,2021-02-03,0.2
France,FRA,2021-02-04,0.28
France,FRA,2021-02-05,0.34
France,FRA,2021-02-06,0.36
France,FRA,2021-02-07,0.37
France,FRA,2021-02-08,0.43
France,FRA,2021-02-09,0.54
France,FRA,2021-02-10,0.65
France,FRA,2021-02-11,0.8
France,FRA,2021-02-12,0.91
France,FRA,2021-02-13,0.93
France,FRA,2021-02-14,0.94
France,FRA,2021-02-15,1.06
France,FRA,2021-02-16,1.2
France,FRA,2021-02-17,1.36
France,FRA,2021-02-18,1.53
France,FRA,2021-02-19,1.66
France,FRA,2021-02-20,1.7
France,FRA,2021-02-21,1.71
France,FRA,2021-02-22,1.82
France,FRA,2021-02-23,1.94
France,FRA,2021-02-24,2.06
France,FRA,2021-02-25,2.2
France,FRA,2021-02-26,2.3
France,FRA,2021-02-27,2.33
France,FRA,2021-02-28,2.34
France,FRA,2021-03-01,2.42
France,FRA,2021-03-02,2.51
France,FRA,2021-03-03,2.61
France,FRA,2021-03-04,2.71
France,FRA,2021-03-05,2.81
France,FRA,2021-03-06,2.83
France,FRA,2021-03-07,2.84
France,FRA,2021-03-08,2.91
France,FRA,2021-03-09,3
Germany,DEU,2021-01-14,0
Germany,DEU,2021-01-15,0
Germany,DEU,2021-01-16,0
Germany,DEU,2021-01-17,0.02
Germany,DEU,2021-01-18,0.04
Germany,DEU,2021-01-19,0.07
Germany,DEU,2021-01-20,0.13
Germany,DEU,2021-01-21,0.17
Germany,DEU,2021-01-22,0.21
Germany,DEU,2021-01-23,0.26
Germany,DEU,2021-01-24,0.3
Germany,DEU,2021-01-25,0.34
Germany,DEU,2021-01-26,0.4
Germany,DEU,2021-01-27,0.47
Germany,DEU,2021-01-28,0.53
Germany,DEU,2021-01-29,0.6
Germany,DEU,2021-01-30,0.65
Germany,DEU,2021-01-31,0.69
Germany,DEU,2021-02-01,0.77
Germany,DEU,2021-02-02,0.85
Germany,DEU,2021-02-03,0.95
Germany,DEU,2021-02-04,1.04
Germany,DEU,2021-02-05,1.13
Germany,DEU,2021-02-06,1.19
Germany,DEU,2021-02-07,1.23
Germany,DEU,2021-02-08,1.29
Germany,DEU,2021-02-09,1.36
Germany,DEU,2021-02-10,1.45
Germany,DEU,2021-02-11,1.54
Germany,DEU,2021-02-12,1.63
Germany,DEU,2021-02-13,1.69
Germany,DEU,2021-02-14,1.72
Germany,DEU,2021-02-15,1.79
Germany,DEU,2021-02-16,1.85
Germany,DEU,2021-02-17,1.92
Germany,DEU,2021-02-18,1.98
Germany,DEU,2021-02-19,2.04
Germany,DEU,2021-02-20,2.09
Germany,DEU,2021-02-21,2.12
Germany,DEU,2021-02-22,2.19
Germany,DEU,2021-02-23,2.25
Germany,DEU,2021-02-24,2.32
Germany,DEU,2021-02-25,2.39
Germany,DEU,2021-02-26,2.45
Germany,DEU,2021-02-27,2.5
Germany,DEU,2021-02-28,2.53
Germany,DEU,2021-03-01,2.59
Germany,DEU,2021-03-02,2.66
Germany,DEU,2021-03-03,2.74
Germany,DEU,2021-03-04,2.81
Germany,DEU,2021-03-05,2.89
Germany,DEU,2021-03-06,2.95
Germany,DEU,2021-03-07,2.99
Germany,DEU,2021-03-08,3.05
Germany,DEU,2021-03-09,3.11
Germany,DEU,2021-03-10,3.19
Gibraltar,GIB,2021-01-31,1.19
Gibraltar,GIB,2021-02-01,3.93
Gibraltar,GIB,2021-02-02,6.89
Gibraltar,GIB,2021-02-03,8.94
Gibraltar,GIB,2021-02-04,11.7
Gibraltar,GIB,2021-02-05,14.47
Gibraltar,GIB,2021-02-06,16.54
Gibraltar,GIB,2021-02-07,16.54
Gibraltar,GIB,2021-02-08,18.22
Gibraltar,GIB,2021-02-09,19.94
Gibraltar,GIB,2021-02-10,20
Gibraltar,GIB,2021-02-11,22.76
Gibraltar,GIB,2021-02-12,25.51
Gibraltar,GIB,2021-02-13,28.26
Gibraltar,GIB,2021-02-14,29.84
Gibraltar,GIB,2021-02-15,30.41
Gibraltar,GIB,2021-02-16,31.97
Gibraltar,GIB,2021-02-17,33.55
Gibraltar,GIB,2021-02-18,35.78
Gibraltar,GIB,2021-02-19,37.32
Gibraltar,GIB,2021-02-20,37.32
Gibraltar,GIB,2021-02-21,37.42
Gibraltar,GIB,2021-02-22,37.78
Gibraltar,GIB,2021-02-23,38.13
Gibraltar,GIB,2021-02-24,38.37
Gibraltar,GIB,2021-02-25,38.61
Gibraltar,GIB,2021-02-26,39.11
Gibraltar,GIB,2021-02-27,39.45
Gibraltar,GIB,2021-02-28,39.45
Gibraltar,GIB,2021-03-02,40.68
Gibraltar,GIB,2021-03-03,41.85
Gibraltar,GIB,2021-03-04,44.59
Gibraltar,GIB,2021-03-05,44.98
Gibraltar,GIB,2021-03-06,45.72
Gibraltar,GIB,2021-03-07,46.22
Gibraltar,GIB,2021-03-08,46.22
Gibraltar,GIB,2021-03-09,46.92
Gibraltar,GIB,2021-03-10,47.38
Greece,GRC,2021-01-16,0
Greece,GRC,2021-01-18,0
Greece,GRC,2021-01-19,0.01
Greece,GRC,2021-01-20,0.02
Greece,GRC,2021-01-21,0.02
Greece,GRC,2021-01-22,0.02
Greece,GRC,2021-01-23,0.03
Greece,GRC,2021-01-25,0.08
Greece,GRC,2021-01-26,0.13
Greece,GRC,2021-01-27,0.17
Greece,GRC,2021-01-28,0.23
Greece,GRC,2021-01-29,0.31
Greece,GRC,2021-01-30,0.37
Greece,GRC,2021-02-01,0.45
Greece,GRC,2021-02-02,0.52
Greece,GRC,2021-02-03,0.6
Greece,GRC,2021-02-04,0.66
Greece,GRC,2021-02-05,0.71
Greece,GRC,2021-02-06,0.77
Greece,GRC,2021-02-08,0.81
Greece,GRC,2021-02-09,0.89
Greece,GRC,2021-02-10,1.02
Greece,GRC,2021-02-11,1.17
Greece,GRC,2021-02-12,1.34
Greece,GRC,2021-02-13,1.49
Greece,GRC,2021-02-15,1.62
Greece,GRC,2021-02-16,1.71
Greece,GRC,2021-02-17,1.83
Greece,GRC,2021-02-18,1.96
Greece,GRC,2021-02-19,2.07
Greece,GRC,2021-02-20,2.18
Greece,GRC,2021-02-21,2.2
Greece,GRC,2021-02-22,2.34
Greece,GRC,2021-02-23,2.47
Greece,GRC,2021-02-24,2.61
Greece,GRC,2021-02-25,2.75
Greece,GRC,2021-02-26,2.89
Greece,GRC,2021-02-27,3.01
Greece,GRC,2021-03-01,3.14
Greece,GRC,2021-03-02,3.26
Greece,GRC,2021-03-03,3.34
Greece,GRC,2021-03-04,3.41
Greece,GRC,2021-03-05,3.47
Greece,GRC,2021-03-06,3.51
Greece,GRC,2021-03-08,3.57
Greece,GRC,2021-03-09,3.63
Greece,GRC,2021-03-10,3.68
Greenland,GRL,2021-03-01,2.12
Guernsey,GGY,2021-01-24,0.78
Guernsey,GGY,2021-02-07,4.61
Guernsey,GGY,2021-02-14,7.96
Hungary,HUN,2021-01-18,0.02
Hungary,HUN,2021-01-19,0.03
Hungary,HUN,2021-01-20,0.04
Hungary,HUN,2021-01-21,0.06
Hungary,HUN,2021-01-22,0.07
Hungary,HUN,2021-01-23,0.08
Hungary,HUN,2021-01-24,0.1
Hungary,HUN,2021-01-25,0.13
Hungary,HUN,2021-01-26,0.18
Hungary,HUN,2021-01-27,0.27
Hungary,HUN,2021-01-28,0.39
Hungary,HUN,2021-01-29,0.51
Hungary,HUN,2021-01-30,0.59
Hungary,HUN,2021-01-31,0.63
Hungary,HUN,2021-02-01,0.71
Hungary,HUN,2021-02-02,0.78
Hungary,HUN,2021-02-03,0.87
Hungary,HUN,2021-02-04,0.96
Hungary,HUN,2021-02-05,1.05
Hungary,HUN,2021-02-06,1.09
Hungary,HUN,2021-02-07,1.11
Hungary,HUN,2021-02-08,1.14
Hungary,HUN,2021-02-09,1.18
Hungary,HUN,2021-02-10,1.21
Hungary,HUN,2021-02-11,1.25
Hungary,HUN,2021-02-12,1.29
Hungary,HUN,2021-02-13,1.33
Hungary,HUN,2021-02-14,1.34
Hungary,HUN,2021-02-15,1.36
Hungary,HUN,2021-02-16,1.4
Hungary,HUN,2021-02-17,1.46
Hungary,HUN,2021-02-18,1.58
Hungary,HUN,2021-02-19,1.79
Hungary,HUN,2021-02-20,1.97
Hungary,HUN,2021-02-21,2.08
Hungary,HUN,2021-02-22,2.13
Hungary,HUN,2021-02-23,2.16
Hungary,HUN,2021-02-24,2.18
Hungary,HUN,2021-02-25,2.49
Hungary,HUN,2021-02-26,2.53
Hungary,HUN,2021-02-27,2.58
Hungary,HUN,2021-02-28,2.61
Hungary,HUN,2021-03-01,2.62
Hungary,HUN,2021-03-02,2.62
Hungary,HUN,2021-03-03,2.77
Hungary,HUN,2021-03-04,2.9
Hungary,HUN,2021-03-05,3.16
Hungary,HUN,2021-03-06,3.18
Hungary,HUN,2021-03-07,3.19
Hungary,HUN,2021-03-08,3.26
Hungary,HUN,2021-03-09,3.29
Hungary,HUN,2021-03-10,3.39
Iceland,ISL,2021-01-20,0.14
Iceland,ISL,2021-01-25,1.4
Iceland,ISL,2021-01-27,1.41
Iceland,ISL,2021-02-03,1.42
Iceland,ISL,2021-02-05,1.42
Iceland,ISL,2021-02-08,1.42
Iceland,ISL,2021-02-12,1.62
Iceland,ISL,2021-02-15,1.69
Iceland,ISL,2021-02-16,1.74
Iceland,ISL,2021-02-17,2.16
Iceland,ISL,2021-02-18,2.83
Iceland,ISL,2021-02-19,2.95
Iceland,ISL,2021-02-22,3.09
Iceland,ISL,2021-02-23,3.09
Iceland,ISL,2021-02-25,3.63
Iceland,ISL,2021-02-26,3.68
Iceland,ISL,2021-03-01,3.69
Iceland,ISL,2021-03-02,3.71
Iceland,ISL,2021-03-04,3.72
Iceland,ISL,2021-03-05,3.72
Iceland,ISL,2021-03-08,3.72
India,IND,2021-02-13,0
India,IND,2021-02-15,0.01
India,IND,2021-02-16,0.02
India,IND,2021-02-17,0.02
India,IND,2021-02-18,0.03
India,IND,2021-02-19,0.05
India,IND,2021-02-20,0.06
India,IND,2021-02-21,0.07
India,IND,2021-02-22,0.08
India,IND,2021-02-23,0.1
India,IND,2021-02-24,0.11
India,IND,2021-02-25,0.13
India,IND,2021-02-26,0.16
India,IND,2021-02-27,0.18
India,IND,2021-02-28,0.18
India,IND,2021-03-01,0.19
India,IND,2021-03-02,0.2
India,IND,2021-03-03,0.21
India,IND,2021-03-04,0.23
India,IND,2021-03-05,0.25
India,IND,2021-03-06,0.27
India,IND,2021-03-07,0.27
India,IND,2021-03-08,0.29
India,IND,2021-03-09,0.32
India,IND,2021-03-10,0.34
Indonesia,IDN,2021-01-28,0
Indonesia,IDN,2021-01-29,0
Indonesia,IDN,2021-01-30,0.01
Indonesia,IDN,2021-01-31,0.01
Indonesia,IDN,2021-02-01,0.01
Indonesia,IDN,2021-02-02,0.02
Indonesia,IDN,2021-02-03,0.03
Indonesia,IDN,2021-02-04,0.04
Indonesia,IDN,2021-02-05,0.04
Indonesia,IDN,2021-02-06,0.05
Indonesia,IDN,2021-02-07,0.05
Indonesia,IDN,2021-02-08,0.06
Indonesia,IDN,2021-02-09,0.08
Indonesia,IDN,2021-02-10,0.1
Indonesia,IDN,2021-02-11,0.13
Indonesia,IDN,2021-02-13,0.15
Indonesia,IDN,2021-02-14,0.16
Indonesia,IDN,2021-02-15,0.18
Indonesia,IDN,2021-02-16,0.2
Indonesia,IDN,2021-02-17,0.22
Indonesia,IDN,2021-02-18,0.23
Indonesia,IDN,2021-02-20,0.27
Indonesia,IDN,2021-02-23,0.29
Indonesia,IDN,2021-02-24,0.3
Indonesia,IDN,2021-02-25,0.31
Indonesia,IDN,2021-02-26,0.32
Indonesia,IDN,2021-02-27,0.36
Indonesia,IDN,2021-02-28,0.37
Indonesia,IDN,2021-03-01,0.39
Indonesia,IDN,2021-03-02,0.39
Indonesia,IDN,2021-03-03,0.4
Indonesia,IDN,2021-03-05,0.41
Indonesia,IDN,2021-03-07,0.41
Indonesia,IDN,2021-03-10,0.46
Ireland,IRL,2021-01-27,0.28
Ireland,IRL,2021-01-31,1
Ireland,IRL,2021-02-05,1.61
Ireland,IRL,2021-02-07,1.76
Ireland,IRL,2021-02-08,1.79
Ireland,IRL,2021-02-09,1.81
Ireland,IRL,2021-02-10,1.82
Ireland,IRL,2021-02-11,1.82
Ireland,IRL,2021-02-12,1.82
Ireland,IRL,2021-02-13,1.86
Ireland,IRL,2021-02-14,1.86
Ireland,IRL,2021-02-15,1.99
Ireland,IRL,2021-02-16,2.14
Ireland,IRL,2021-02-17,2.29
Ireland,IRL,2021-02-18,2.44
Ireland,IRL,2021-02-19,2.56
Ireland,IRL,2021-02-20,2.64
Ireland,IRL,2021-02-21,2.67
Ireland,IRL,2021-02-22,2.7
Ireland,IRL,2021-02-23,2.72
Ireland,IRL,2021-02-24,2.76
Ireland,IRL,2021-02-25,2.79
Ireland,IRL,2021-02-26,2.84
Ireland,IRL,2021-02-27,2.86
Ireland,IRL,2021-02-28,2.87
Ireland,IRL,2021-03-01,2.89
Ireland,IRL,2021-03-02,2.93
Ireland,IRL,2021-03-04,2.99
Ireland,IRL,2021-03-05,3.03
Ireland,IRL,2021-03-06,3.04
Ireland,IRL,2021-03-07,3.04
Isle of Man,IMN,2021-01-25,0.37
Isle of Man,IMN,2021-01-26,0.75
Isle of Man,IMN,2021-01-27,1.22
Isle of Man,IMN,2021-01-28,1.22
Isle of Man,IMN,2021-01-29,1.21
Isle of Man,IMN,2021-02-02,1.67
Isle of Man,IMN,2021-02-03,2.56
Isle of Man,IMN,2021-02-04,2.57
Isle of Man,IMN,2021-02-05,2.57
Isle of Man,IMN,2021-02-06,2.57
Isle of Man,IMN,2021-02-07,2.57
Isle of Man,IMN,2021-02-08,2.57
Isle of Man,IMN,2021-02-09,3.01
Isle of Man,IMN,2021-02-10,3.48
Isle of Man,IMN,2021-02-11,3.91
Isle of Man,IMN,2021-02-12,3.91
Isle of Man,IMN,2021-02-13,3.91
Isle of Man,IMN,2021-02-14,3.91
Isle of Man,IMN,2021-02-16,4.23
Isle of Man,IMN,2021-02-17,4.54
Isle of Man,IMN,2021-02-18,4.83
Isle of Man,IMN,2021-02-19,5.51
Isle of Man,IMN,2021-02-20,5.54
Isle of Man,IMN,2021-02-21,5.57
Isle of Man,IMN,2021-02-22,5.56
Isle of Man,IMN,2021-02-23,5.84
Isle of Man,IMN,2021-02-24,6.12
Isle of Man,IMN,2021-02-25,6.48
Isle of Man,IMN,2021-02-26,7.39
Isle of Man,IMN,2021-02-27,8.17
Isle of Man,IMN,2021-02-28,8.62
Isle of Man,IMN,2021-03-01,9.03
Isle of Man,IMN,2021-03-02,9.06
Isle of Man,IMN,2021-03-03,9.07
Isle of Man,IMN,2021-03-04,9.07
Isle of Man,IMN,2021-03-05,9.52
Isle of Man,IMN,2021-03-06,9.98
Isle of Man,IMN,2021-03-07,10.54
Isle of Man,IMN,2021-03-08,10.88
Isle of Man,IMN,2021-03-09,10.89
Isle of Man,IMN,2021-03-10,10.92
Israel,ISR,2021-01-04,0
Israel,ISR,2021-01-05,0
Israel,ISR,2021-01-06,0
Israel,ISR,2021-01-07,0
Israel,ISR,2021-01-08,0
Israel,ISR,2021-01-09,0
Israel,ISR,2021-01-10,0.07
Israel,ISR,2021-01-11,0.29
Israel,ISR,2021-01-12,0.7
Israel,ISR,2021-01-13,1.36
Israel,ISR,2021-01-14,2.16
Israel,ISR,2021-01-15,2.58
Israel,ISR,2021-01-16,2.88
Israel,ISR,2021-01-17,3.86
Israel,ISR,2021-01-18,5.24
Israel,ISR,2021-01-19,6.83
Israel,ISR,2021-01-20,8.49
Israel,ISR,2021-01-21,10.38
Israel,ISR,2021-01-22,11.2
Israel,ISR,2021-01-23,11.81
Israel,ISR,2021-01-24,13.43
Israel,ISR,2021-01-25,15.04
Israel,ISR,2021-01-26,16.49
Israel,ISR,2021-01-27,17.93
Israel,ISR,2021-01-28,19.44
Israel,ISR,2021-01-29,20.18
Israel,ISR,2021-01-30,20.67
Israel,ISR,2021-01-31,21.36
Israel,ISR,2021-02-01,21.77
Israel,ISR,2021-02-02,22.12
Israel,ISR,2021-02-03,22.71
Israel,ISR,2021-02-04,23.38
Israel,ISR,2021-02-05,23.71
Israel,ISR,2021-02-06,23.97
Israel,ISR,2021-02-07,24.76
Israel,ISR,2021-02-08,25.51
Israel,ISR,2021-02-09,26.29
Israel,ISR,2021-02-10,27.12
Israel,ISR,2021-02-11,27.94
Israel,ISR,2021-02-12,28.37
Israel,ISR,2021-02-13,28.72
Israel,ISR,2021-02-14,29.52
Israel,ISR,2021-02-15,30.39
Israel,ISR,2021-02-16,31.29
Israel,ISR,2021-02-17,32.16
Israel,ISR,2021-02-18,33.07
Israel,ISR,2021-02-19,33.51
Israel,ISR,2021-02-20,33.84
Israel,ISR,2021-02-21,34.75
Israel,ISR,2021-02-22,35.67
Israel,ISR,2021-02-23,36.48
Israel,ISR,2021-02-24,37.2
Israel,ISR,2021-02-25,37.94
Israel,ISR,2021-02-26,38.3
Israel,ISR,2021-02-27,38.54
Israel,ISR,2021-02-28,39.17
Israel,ISR,2021-03-01,39.87
Israel,ISR,2021-03-02,40.62
Israel,ISR,2021-03-03,41.38
Israel,ISR,2021-03-04,42.26
Israel,ISR,2021-03-05,42.68
Israel,ISR,2021-03-06,42.97
Israel,ISR,2021-03-07,43.81
Israel,ISR,2021-03-08,44.65
Israel,ISR,2021-03-09,45.53
Israel,ISR,2021-03-10,46.21
Italy,ITA,2021-01-17,0
Italy,ITA,2021-01-18,0.01
Italy,ITA,2021-01-19,0.02
Italy,ITA,2021-01-20,0.02
Italy,ITA,2021-01-21,0.06
Italy,ITA,2021-01-22,0.08
Italy,ITA,2021-01-23,0.13
Italy,ITA,2021-01-24,0.18
Italy,ITA,2021-01-25,0.29
Italy,ITA,2021-01-26,0.41
Italy,ITA,2021-01-27,0.52
Italy,ITA,2021-01-28,0.67
Italy,ITA,2021-01-29,0.82
Italy,ITA,2021-01-30,0.96
Italy,ITA,2021-01-31,1.06
Italy,ITA,2021-02-01,1.19
Italy,ITA,2021-02-02,1.32
Italy,ITA,2021-02-03,1.47
Italy,ITA,2021-02-04,1.63
Italy,ITA,2021-02-05,1.77
Italy,ITA,2021-02-06,1.87
Italy,ITA,2021-02-07,1.93
Italy,ITA,2021-02-08,1.99
Italy,ITA,2021-02-09,2.04
Italy,ITA,2021-02-10,2.09
Italy,ITA,2021-02-11,2.12
Italy,ITA,2021-02-12,2.14
Italy,ITA,2021-02-13,2.15
Italy,ITA,2021-02-14,2.16
Italy,ITA,2021-02-15,2.16
Italy,ITA,2021-02-16,2.17
Italy,ITA,2021-02-17,2.19
Italy,ITA,2021-02-18,2.2
Italy,ITA,2021-02-19,2.21
Italy,ITA,2021-02-20,2.22
Italy,ITA,2021-02-21,2.22
Italy,ITA,2021-02-22,2.23
Italy,ITA,2021-02-23,2.24
Italy,ITA,2021-02-24,2.25
Italy,ITA,2021-02-25,2.27
Italy,ITA,2021-02-26,2.29
Italy,ITA,2021-02-27,2.31
Italy,ITA,2021-02-28,2.33
Italy,ITA,2021-03-01,2.37
Italy,ITA,2021-03-02,2.42
Italy,ITA,2021-03-03,2.48
Italy,ITA,2021-03-04,2.56
Italy,ITA,2021-03-05,2.65
Italy,ITA,2021-03-06,2.71
Italy,ITA,2021-03-07,2.74
Italy,ITA,2021-03-08,2.82
Italy,ITA,2021-03-09,2.9
Italy,ITA,2021-03-10,2.98
Japan,JPN,2021-03-10,0
Jersey,JEY,2021-01-24,3.02
Jersey,JEY,2021-01-31,3.1
Jersey,JEY,2021-02-07,3.14
Jersey,JEY,2021-02-14,3.22
Jersey,JEY,2021-02-21,3.25
Jersey,JEY,2021-02-28,3.28
Jordan,JOR,2021-02-22,0.29
Kazakhstan,KAZ,2021-02-24,0.01
Kuwait,KWT,2021-02-15,0.89
Kuwait,KWT,2021-03-08,0.89
Latvia,LVA,2021-01-18,0.03
Latvia,LVA,2021-01-19,0.07
Latvia,LVA,2021-01-20,0.11
Latvia,LVA,2021-01-21,0.11
Latvia,LVA,2021-01-22,0.11
Latvia,LVA,2021-01-25,0.15
Latvia,LVA,2021-01-26,0.19
Latvia,LVA,2021-01-27,0.23
Latvia,LVA,2021-01-28,0.27
Latvia,LVA,2021-01-29,0.32
Latvia,LVA,2021-01-30,0.34
Latvia,LVA,2021-01-31,0.35
Latvia,LVA,2021-02-01,0.42
Latvia,LVA,2021-02-02,0.5
Latvia,LVA,2021-02-03,0.58
Latvia,LVA,2021-02-04,0.65
Latvia,LVA,2021-02-05,0.73
Latvia,LVA,2021-02-06,0.76
Latvia,LVA,2021-02-07,0.77
Latvia,LVA,2021-02-08,0.77
Latvia,LVA,2021-02-09,0.78
Latvia,LVA,2021-02-10,0.79
Latvia,LVA,2021-02-11,0.82
Latvia,LVA,2021-02-12,0.85
Latvia,LVA,2021-02-13,0.86
Latvia,LVA,2021-02-14,0.86
Latvia,LVA,2021-02-15,0.87
Latvia,LVA,2021-02-16,0.87
Latvia,LVA,2021-02-17,0.88
Latvia,LVA,2021-02-18,0.89
Latvia,LVA,2021-02-19,0.89
Latvia,LVA,2021-02-20,0.89
Latvia,LVA,2021-02-22,0.89
Latvia,LVA,2021-02-23,0.89
Latvia,LVA,2021-02-24,0.9
Latvia,LVA,2021-02-25,0.9
Latvia,LVA,2021-02-26,0.9
Latvia,LVA,2021-02-27,0.9
Latvia,LVA,2021-02-28,0.9
Latvia,LVA,2021-03-01,0.91
Latvia,LVA,2021-03-02,0.93
Latvia,LVA,2021-03-03,0.94
Latvia,LVA,2021-03-04,0.95
Latvia,LVA,2021-03-05,0.95
Latvia,LVA,2021-03-06,0.95
Latvia,LVA,2021-03-07,0.95
Latvia,LVA,2021-03-08,0.96
Latvia,LVA,2021-03-09,0.96
Latvia,LVA,2021-03-10,0.96
Lithuania,LTU,2021-01-17,0.04
Lithuania,LTU,2021-01-18,0.1
Lithuania,LTU,2021-01-19,0.25
Lithuania,LTU,2021-01-20,0.31
Lithuania,LTU,2021-01-21,0.34
Lithuania,LTU,2021-01-22,0.34
Lithuania,LTU,2021-01-23,0.34
Lithuania,LTU,2021-01-25,0.34
Lithuania,LTU,2021-01-26,0.36
Lithuania,LTU,2021-01-27,0.47
Lithuania,LTU,2021-01-28,0.61
Lithuania,LTU,2021-01-29,0.8
Lithuania,LTU,2021-01-30,0.81
Lithuania,LTU,2021-01-31,0.81
Lithuania,LTU,2021-02-01,0.88
Lithuania,LTU,2021-02-02,0.96
Lithuania,LTU,2021-02-03,1.15
Lithuania,LTU,2021-02-04,1.45
Lithuania,LTU,2021-02-05,1.69
Lithuania,LTU,2021-02-06,1.71
Lithuania,LTU,2021-02-07,1.71
Lithuania,LTU,2021-02-08,1.8
Lithuania,LTU,2021-02-09,1.87
Lithuania,LTU,2021-02-10,1.93
Lithuania,LTU,2021-02-11,1.98
Lithuania,LTU,2021-02-12,2.01
Lithuania,LTU,2021-02-13,2.01
Lithuania,LTU,2021-02-15,2.04
Lithuania,LTU,2021-02-16,2.04
Lithuania,LTU,2021-02-17,2.19
Lithuania,LTU,2021-02-18,2.36
Lithuania,LTU,2021-02-19,2.49
Lithuania,LTU,2021-02-20,2.49
Lithuania,LTU,2021-02-22,2.55
Lithuania,LTU,2021-02-23,2.59
Lithuania,LTU,2021-02-24,2.62
Lithuania,LTU,2021-02-25,2.65
Lithuania,LTU,2021-02-26,2.69
Lithuania,LTU,2021-02-27,2.69
Lithuania,LTU,2021-02-28,2.69
Lithuania,LTU,2021-03-01,2.7
Lithuania,LTU,2021-03-02,2.72
Lithuania,LTU,2021-03-03,2.8
Lithuania,LTU,2021-03-04,2.98
Lithuania,LTU,2021-03-05,3.15
Lithuania,LTU,2021-03-06,3.16
Lithuania,LTU,2021-03-07,3.16
Lithuania,LTU,2021-03-08,3.19
Lithuania,LTU,2021-03-09,3.24
Lithuania,LTU,2021-03-10,3.33
Luxembourg,LUX,2021-01-25,0.2
Luxembourg,LUX,2021-01-26,0.2
Luxembourg,LUX,2021-01-27,0.21
Luxembourg,LUX,2021-01-28,0.24
Luxembourg,LUX,2021-01-31,0.27
Luxembourg,LUX,2021-02-01,0.3
Luxembourg,LUX,2021-02-02,0.37
Luxembourg,LUX,2021-02-03,0.45
Luxembourg,LUX,2021-02-04,0.51
Luxembourg,LUX,2021-02-07,0.59
Luxembourg,LUX,2021-02-08,0.65
Luxembourg,LUX,2021-02-09,0.71
Luxembourg,LUX,2021-02-10,0.78
Luxembourg,LUX,2021-02-11,0.84
Luxembourg,LUX,2021-02-14,0.9
Luxembourg,LUX,2021-02-15,0.95
Luxembourg,LUX,2021-02-16,1.01
Luxembourg,LUX,2021-02-17,1.04
Luxembourg,LUX,2021-02-18,1.13
Luxembourg,LUX,2021-02-21,1.23
Luxembourg,LUX,2021-02-22,1.32
Luxembourg,LUX,2021-02-23,1.42
Luxembourg,LUX,2021-02-24,1.51
Luxembourg,LUX,2021-02-25,1.59
Luxembourg,LUX,2021-02-28,1.71
Luxembourg,LUX,2021-03-01,1.83
Luxembourg,LUX,2021-03-02,1.91
Luxembourg,LUX,2021-03-03,2.03
Luxembourg,LUX,2021-03-04,2.15
Luxembourg,LUX,2021-03-07,2.26
Luxembourg,LUX,2021-03-08,2.28
Luxembourg,LUX,2021-03-09,2.31
Malta,MLT,2021-01-24,0.27
Malta,MLT,2021-01-25,0.33
Malta,MLT,2021-01-26,0.38
Malta,MLT,2021-01-27,0.47
Malta,MLT,2021-01-28,0.57
Malta,MLT,2021-01-29,0.67
Malta,MLT,2021-01-30,0.78
Malta,MLT,2021-01-31,0.89
Malta,MLT,2021-02-01,1.01
Malta,MLT,2021-02-02,1.11
Malta,MLT,2021-02-03,1.23
Malta,MLT,2021-02-04,1.46
Malta,MLT,2021-02-05,1.72
Malta,MLT,2021-02-06,1.98
Malta,MLT,2021-02-07,2.25
Malta,MLT,2021-02-08,2.5
Malta,MLT,2021-02-09,2.75
Malta,MLT,2021-02-10,2.93
Malta,MLT,2021-02-11,3.13
Malta,MLT,2021-02-12,3.34
Malta,MLT,2021-02-13,3.53
Malta,MLT,2021-02-14,3.68
Malta,MLT,2021-02-15,3.87
Malta,MLT,2021-02-16,4.04
Malta,MLT,2021-02-17,4.2
Malta,MLT,2021-02-18,4.35
Malta,MLT,2021-02-19,4.49
Malta,MLT,2021-02-20,4.57
Malta,MLT,2021-02-21,4.65
Malta,MLT,2021-02-22,4.79
Malta,MLT,2021-02-23,4.93
Malta,MLT,2021-02-24,5.1
Malta,MLT,2021-02-25,5.3
Malta,MLT,2021-02-26,5.69
Malta,MLT,2021-02-27,6.07
Malta,MLT,2021-02-28,6.35
Malta,MLT,2021-03-01,6.57
Malta,MLT,2021-03-02,6.74
Malta,MLT,2021-03-03,6.87
Malta,MLT,2021-03-04,7.03
Malta,MLT,2021-03-05,7.18
Malta,MLT,2021-03-06,7.34
Malta,MLT,2021-03-07,7.44
Malta,MLT,2021-03-08,7.74
Malta,MLT,2021-03-09,7.95
Mexico,MEX,2021-01-15,0
Mexico,MEX,2021-01-16,0
Mexico,MEX,2021-01-17,0
Mexico,MEX,2021-01-18,0.01
Mexico,MEX,2021-01-19,0.01
Mexico,MEX,2021-01-20,0.01
Mexico,MEX,2021-01-21,0.01
Mexico,MEX,2021-01-22,0.02
Mexico,MEX,2021-01-23,0.02
Mexico,MEX,2021-01-24,0.02
Mexico,MEX,2021-01-25,0.02
Mexico,MEX,2021-01-26,0.02
Mexico,MEX,2021-01-27,0.02
Mexico,MEX,2021-01-28,0.02
Mexico,MEX,2021-01-29,0.02
Mexico,MEX,2021-01-30,0.03
Mexico,MEX,2021-01-31,0.03
Mexico,MEX,2021-02-01,0.03
Mexico,MEX,2021-02-02,0.04
Mexico,MEX,2021-02-03,0.04
Mexico,MEX,2021-02-04,0.05
Mexico,MEX,2021-02-05,0.05
Mexico,MEX,2021-02-06,0.06
Mexico,MEX,2021-02-07,0.06
Mexico,MEX,2021-02-08,0.06
Mexico,MEX,2021-02-09,0.07
Mexico,MEX,2021-02-10,0.07
Mexico,MEX,2021-02-11,0.07
Mexico,MEX,2021-02-12,0.07
Mexico,MEX,2021-02-13,0.07
Mexico,MEX,2021-02-15,0.07
Mexico,MEX,2021-02-16,0.07
Mexico,MEX,2021-02-17,0.08
Mexico,MEX,2021-02-19,0.32
Mexico,MEX,2021-02-20,0.35
Mexico,MEX,2021-02-21,0.35
Mexico,MEX,2021-02-22,0.35
Mexico,MEX,2021-02-23,0.36
Mexico,MEX,2021-02-24,0.37
Mexico,MEX,2021-02-25,0.41
Mexico,MEX,2021-02-26,0.44
Mexico,MEX,2021-02-27,0.44
Mexico,MEX,2021-02-28,0.44
Mexico,MEX,2021-03-01,0.44
Mexico,MEX,2021-03-02,0.44
Mexico,MEX,2021-03-03,0.46
Mexico,MEX,2021-03-05,0.47
Mexico,MEX,2021-03-06,0.47
Mexico,MEX,2021-03-08,0.47
Mexico,MEX,2021-03-09,0.47
Morocco,MAR,2021-02-19,0.01
Morocco,MAR,2021-02-20,0.04
Morocco,MAR,2021-02-22,0.06
Morocco,MAR,2021-02-23,0.08
Morocco,MAR,2021-02-24,0.1
Morocco,MAR,2021-02-25,0.12
Morocco,MAR,2021-02-26,0.26
Morocco,MAR,2021-02-27,0.44
Morocco,MAR,2021-03-01,0.63
Morocco,MAR,2021-03-02,0.8
Morocco,MAR,2021-03-03,0.98
Morocco,MAR,2021-03-04,1.12
Morocco,MAR,2021-03-05,1.35
Morocco,MAR,2021-03-06,1.57
Morocco,MAR,2021-03-08,1.76
Morocco,MAR,2021-03-09,1.94
Morocco,MAR,2021-03-10,2.31
Netherlands,NLD,2021-01-31,0.09
Netherlands,NLD,2021-02-07,0.39
Netherlands,NLD,2021-02-14,0.9
Netherlands,NLD,2021-02-21,1.28
Netherlands,NLD,2021-02-28,1.94
Netherlands,NLD,2021-03-07,2.4
Northern Ireland,,2021-01-03,0.07
Northern Ireland,,2021-01-10,0.74
Northern Ireland,,2021-01-11,0.81
Northern Ireland,,2021-01-12,0.94
Northern Ireland,,2021-01-13,1
Northern Ireland,,2021-01-14,1.02
Northern Ireland,,2021-01-15,1.03
Northern Ireland,,2021-01-16,1.07
Northern Ireland,,2021-01-17,1.11
Northern Ireland,,2021-01-18,1.14
Northern Ireland,,2021-01-19,1.16
Northern Ireland,,2021-01-20,1.18
Northern Ireland,,2021-01-21,1.19
Northern Ireland,,2021-01-22,1.2
Northern Ireland,,2021-01-23,1.2
Northern Ireland,,2021-01-24,1.2
Northern Ireland,,2021-01-25,1.2
Northern Ireland,,2021-01-26,1.21
Northern Ireland,,2021-01-27,1.26
Northern Ireland,,2021-01-28,1.27
Northern Ireland,,2021-01-29,1.28
Northern Ireland,,2021-01-30,1.28
Northern Ireland,,2021-01-31,1.3
Northern Ireland,,2021-02-01,1.31
Northern Ireland,,2021-02-02,1.33
Northern Ireland,,2021-02-03,1.35
Northern Ireland,,2021-02-04,1.38
Northern Ireland,,2021-02-05,1.4
Northern Ireland,,2021-02-06,1.44
Northern Ireland,,2021-02-07,1.45
Northern Ireland,,2021-02-08,1.46
Northern Ireland,,2021-02-09,1.47
Northern Ireland,,2021-02-10,1.49
Northern Ireland,,2021-02-11,1.51
Northern Ireland,,2021-02-12,1.53
Northern Ireland,,2021-02-13,1.53
Northern Ireland,,2021-02-14,1.53
Northern Ireland,,2021-02-15,1.54
Northern Ireland,,2021-02-16,1.56
Northern Ireland,,2021-02-17,1.58
Northern Ireland,,2021-02-18,1.6
Northern Ireland,,2021-02-19,1.62
Northern Ireland,,2021-02-20,1.63
Northern Ireland,,2021-02-21,1.63
Northern Ireland,,2021-02-22,1.64
Northern Ireland,,2021-02-23,1.66
Northern Ireland,,2021-02-24,1.67
Northern Ireland,,2021-02-25,1.68
Northern Ireland,,2021-02-26,1.72
Northern Ireland,,2021-02-27,1.72
Northern Ireland,,2021-02-28,1.75
Northern Ireland,,2021-03-01,1.87
Northern Ireland,,2021-03-02,2
Northern Ireland,,2021-03-03,2.12
Northern Ireland,,2021-03-04,2.21
Northern Ireland,,2021-03-05,2.22
Northern Ireland,,2021-03-06,2.23
Northern Ireland,,2021-03-07,2.26
Northern Ireland,,2021-03-08,2.35
Northern Ireland,,2021-03-09,2.48
Norway,NOR,2021-01-17,0
Norway,NOR,2021-01-18,0.01
Norway,NOR,2021-01-19,0.02
Norway,NOR,2021-01-20,0.03
Norway,NOR,2021-01-21,0.04
Norway,NOR,2021-01-22,0.04
Norway,NOR,2021-01-23,0.04
Norway,NOR,2021-01-24,0.04
Norway,NOR,2021-01-25,0.04
Norway,NOR,2021-01-26,0.08
Norway,NOR,2021-01-27,0.21
Norway,NOR,2021-01-28,0.33
Norway,NOR,2021-01-29,0.37
Norway,NOR,2021-01-30,0.38
Norway,NOR,2021-01-31,0.38
Norway,NOR,2021-02-01,0.38
Norway,NOR,2021-02-02,0.44
Norway,NOR,2021-02-03,0.59
Norway,NOR,2021-02-04,0.75
Norway,NOR,2021-02-05,0.84
Norway,NOR,2021-02-06,0.86
Norway,NOR,2021-02-07,0.86
Norway,NOR,2021-02-08,0.88
Norway,NOR,2021-02-09,0.94
Norway,NOR,2021-02-10,1.1
Norway,NOR,2021-02-11,1.25
Norway,NOR,2021-02-12,1.32
Norway,NOR,2021-02-13,1.33
Norway,NOR,2021-02-14,1.33
Norway,NOR,2021-02-15,1.34
Norway,NOR,2021-02-16,1.38
Norway,NOR,2021-02-17,1.57
Norway,NOR,2021-02-18,1.77
Norway,NOR,2021-02-19,1.85
Norway,NOR,2021-02-20,1.86
Norway,NOR,2021-02-21,1.86
Norway,NOR,2021-02-22,1.86
Norway,NOR,2021-02-23,1.96
Norway,NOR,2021-02-24,2.37
Norway,NOR,2021-02-25,2.83
Norway,NOR,2021-02-26,3.01
Norway,NOR,2021-02-27,3.01
Norway,NOR,2021-02-28,3.02
Norway,NOR,2021-03-01,3.02
Norway,NOR,2021-03-02,3.09
Norway,NOR,2021-03-03,3.41
Norway,NOR,2021-03-04,3.75
Norway,NOR,2021-03-05,3.87
Norway,NOR,2021-03-06,3.88
Norway,NOR,2021-03-07,3.88
Norway,NOR,2021-03-08,3.88
Norway,NOR,2021-03-09,3.95
Oman,OMN,2021-01-17,0.01
Oman,OMN,2021-01-18,0.04
Oman,OMN,2021-01-19,0.06
Oman,OMN,2021-01-20,0.09
Oman,OMN,2021-01-23,0.12
Oman,OMN,2021-01-24,0.16
Oman,OMN,2021-01-25,0.19
Oman,OMN,2021-01-26,0.22
Oman,OMN,2021-01-27,0.24
Oman,OMN,2021-02-08,0.24
Oman,OMN,2021-02-09,0.24
Oman,OMN,2021-02-10,0.24
Oman,OMN,2021-02-11,0.24
Oman,OMN,2021-02-12,0.24
Oman,OMN,2021-02-13,0.24
Oman,OMN,2021-02-14,0.24
Oman,OMN,2021-02-15,0.24
Oman,OMN,2021-02-16,0.37
Oman,OMN,2021-02-17,0.37
Oman,OMN,2021-02-18,0.37
Oman,OMN,2021-02-19,0.37
Oman,OMN,2021-02-20,0.37
Oman,OMN,2021-02-21,0.37
Oman,OMN,2021-02-22,0.37
Oman,OMN,2021-02-23,0.37
Oman,OMN,2021-03-09,0.37
Oman,OMN,2021-03-10,0.37
Peru,PER,2021-03-02,0
Peru,PER,2021-03-03,0.03
Peru,PER,2021-03-04,0.1
Peru,PER,2021-03-05,0.17
Peru,PER,2021-03-06,0.2
Peru,PER,2021-03-07,0.2
Peru,PER,2021-03-08,0.22
Peru,PER,2021-03-09,0.23
Poland,POL,2021-01-17,0
Poland,POL,2021-01-18,0.01
Poland,POL,2021-01-19,0.03
Poland,POL,2021-01-20,0.07
Poland,POL,2021-01-21,0.1
Poland,POL,2021-01-22,0.12
Poland,POL,2021-01-23,0.12
Poland,POL,2021-01-24,0.13
Poland,POL,2021-01-25,0.2
Poland,POL,2021-01-26,0.33
Poland,POL,2021-01-27,0.4
Poland,POL,2021-01-28,0.47
Poland,POL,2021-01-29,0.52
Poland,POL,2021-01-30,0.52
Poland,POL,2021-01-31,0.53
Poland,POL,2021-02-01,0.62
Poland,POL,2021-02-02,0.76
Poland,POL,2021-02-03,0.91
Poland,POL,2021-02-04,1.04
Poland,POL,2021-02-05,1.12
Poland,POL,2021-02-06,1.16
Poland,POL,2021-02-07,1.19
Poland,POL,2021-02-09,1.27
Poland,POL,2021-02-11,1.53
Poland,POL,2021-02-12,1.65
Poland,POL,2021-02-13,1.69
Poland,POL,2021-02-14,1.71
Poland,POL,2021-02-15,1.74
Poland,POL,2021-02-16,1.83
Poland,POL,2021-02-17,2.05
Poland,POL,2021-02-18,2.29
Poland,POL,2021-02-19,2.42
Poland,POL,2021-02-20,2.45
Poland,POL,2021-02-21,2.46
Poland,POL,2021-02-22,2.47
Poland,POL,2021-02-24,2.73
Poland,POL,2021-02-26,3.09
Poland,POL,2021-02-28,3.14
Poland,POL,2021-03-01,3.15
Poland,POL,2021-03-03,3.39
Poland,POL,2021-03-04,3.61
Poland,POL,2021-03-06,3.76
Poland,POL,2021-03-08,3.79
Poland,POL,2021-03-09,3.82
Portugal,PRT,2021-01-17,0.01
Portugal,PRT,2021-01-18,0.02
Portugal,PRT,2021-01-19,0.09
Portugal,PRT,2021-01-20,0.18
Portugal,PRT,2021-01-21,0.23
Portugal,PRT,2021-01-22,0.25
Portugal,PRT,2021-01-23,0.29
Portugal,PRT,2021-01-24,0.3
Portugal,PRT,2021-01-30,0.64
Portugal,PRT,2021-01-31,0.67
Portugal,PRT,2021-02-01,0.67
Portugal,PRT,2021-02-02,0.69
Portugal,PRT,2021-02-03,0.74
Portugal,PRT,2021-02-04,0.83
Portugal,PRT,2021-02-05,0.93
Portugal,PRT,2021-02-06,1.02
Portugal,PRT,2021-02-07,1.03
Portugal,PRT,2021-02-08,1.03
Portugal,PRT,2021-02-09,1.04
Portugal,PRT,2021-02-10,1.14
Portugal,PRT,2021-02-11,1.31
Portugal,PRT,2021-02-12,1.55
Portugal,PRT,2021-02-13,1.81
Portugal,PRT,2021-02-14,1.91
Portugal,PRT,2021-02-15,1.94
Portugal,PRT,2021-02-16,1.99
Portugal,PRT,2021-02-17,2.05
Portugal,PRT,2021-02-18,2.13
Portugal,PRT,2021-02-19,2.26
Portugal,PRT,2021-02-20,2.38
Portugal,PRT,2021-02-21,2.42
Portugal,PRT,2021-02-22,2.43
Portugal,PRT,2021-02-23,2.45
Portugal,PRT,2021-02-24,2.47
Portugal,PRT,2021-02-25,2.5
Portugal,PRT,2021-02-26,2.53
Portugal,PRT,2021-02-27,2.59
Portugal,PRT,2021-02-28,2.6
Portugal,PRT,2021-03-01,2.6
Portugal,PRT,2021-03-02,2.62
Portugal,PRT,2021-03-03,2.63
Portugal,PRT,2021-03-04,2.68
Portugal,PRT,2021-03-05,2.74
Portugal,PRT,2021-03-06,2.82
Portugal,PRT,2021-03-07,2.86
Portugal,PRT,2021-03-08,2.88
Portugal,PRT,2021-03-09,2.9
Portugal,PRT,2021-03-10,2.92
Romania,ROU,2021-01-17,0
Romania,ROU,2021-01-18,0.01
Romania,ROU,2021-01-19,0.01
Romania,ROU,2021-01-20,0.03
Romania,ROU,2021-01-21,0.05
Romania,ROU,2021-01-22,0.06
Romania,ROU,2021-01-23,0.07
Romania,ROU,2021-01-24,0.07
Romania,ROU,2021-01-25,0.13
Romania,ROU,2021-01-26,0.21
Romania,ROU,2021-01-27,0.3
Romania,ROU,2021-01-28,0.39
Romania,ROU,2021-01-29,0.48
Romania,ROU,2021-01-30,0.53
Romania,ROU,2021-01-31,0.55
Romania,ROU,2021-02-01,0.64
Romania,ROU,2021-02-02,0.72
Romania,ROU,2021-02-03,0.79
Romania,ROU,2021-02-04,0.86
Romania,ROU,2021-02-05,0.95
Romania,ROU,2021-02-06,1
Romania,ROU,2021-02-07,1.04
Romania,ROU,2021-02-08,1.2
Romania,ROU,2021-02-09,1.37
Romania,ROU,2021-02-10,1.56
Romania,ROU,2021-02-11,1.74
Romania,ROU,2021-02-12,1.92
Romania,ROU,2021-02-13,2.08
Romania,ROU,2021-02-14,2.22
Romania,ROU,2021-02-15,2.36
Romania,ROU,2021-02-16,2.5
Romania,ROU,2021-02-17,2.63
Romania,ROU,2021-02-18,2.74
Romania,ROU,2021-02-19,2.84
Romania,ROU,2021-02-20,2.93
Romania,ROU,2021-02-21,2.99
Romania,ROU,2021-02-22,3.07
Romania,ROU,2021-02-23,3.13
Romania,ROU,2021-02-24,3.18
Romania,ROU,2021-02-25,3.19
Romania,ROU,2021-02-26,3.2
Romania,ROU,2021-02-27,3.21
Romania,ROU,2021-02-28,3.21
Romania,ROU,2021-03-01,3.21
Romania,ROU,2021-03-02,3.22
Romania,ROU,2021-03-03,3.22
Romania,ROU,2021-03-04,3.26
Romania,ROU,2021-03-05,3.31
Romania,ROU,2021-03-06,3.36
Romania,ROU,2021-03-07,3.4
Romania,ROU,2021-03-08,3.42
Romania,ROU,2021-03-09,3.45
Russia,RUS,2021-02-10,1.16
Russia,RUS,2021-03-01,0.75
Russia,RUS,2021-03-02,0.75
Russia,RUS,2021-03-03,0.82
Russia,RUS,2021-03-04,0.9
Russia,RUS,2021-03-05,0.96
Russia,RUS,2021-03-06,1.03
Russia,RUS,2021-03-07,1.05
Russia,RUS,2021-03-08,1.05
Russia,RUS,2021-03-09,1.06
Russia,RUS,2021-03-10,1.22
Scotland,,2021-01-03,0
Scotland,,2021-01-10,0.05
Scotland,,2021-01-11,0.05
Scotland,,2021-01-12,0.05
Scotland,,2021-01-13,0.06
Scotland,,2021-01-14,0.06
Scotland,,2021-01-15,0.06
Scotland,,2021-01-16,0.07
Scotland,,2021-01-17,0.07
Scotland,,2021-01-18,0.07
Scotland,,2021-01-19,0.08
Scotland,,2021-01-20,0.08
Scotland,,2021-01-21,0.09
Scotland,,2021-01-22,0.09
Scotland,,2021-01-23,0.1
Scotland,,2021-01-24,0.1
Scotland,,2021-01-25,0.11
Scotland,,2021-01-26,0.12
Scotland,,2021-01-27,0.12
Scotland,,2021-01-28,0.13
Scotland,,2021-01-29,0.14
Scotland,,2021-01-30,0.14
Scotland,,2021-01-31,0.14
Scotland,,2021-02-01,0.15
Scotland,,2021-02-02,0.16
Scotland,,2021-02-03,0.17
Scotland,,2021-02-04,0.17
Scotland,,2021-02-05,0.19
Scotland,,2021-02-06,0.19
Scotland,,2021-02-07,0.2
Scotland,,2021-02-08,0.22
Scotland,,2021-02-09,0.24
Scotland,,2021-02-10,0.24
Scotland,,2021-02-11,0.25
Scotland,,2021-02-12,0.26
Scotland,,2021-02-13,0.26
Scotland,,2021-02-14,0.27
Scotland,,2021-02-15,0.31
Scotland,,2021-02-16,0.37
Scotland,,2021-02-17,0.44
Scotland,,2021-02-18,0.53
Scotland,,2021-02-19,0.61
Scotland,,2021-02-20,0.65
Scotland,,2021-02-21,0.68
Scotland,,2021-02-22,0.79
Scotland,,2021-02-23,0.92
Scotland,,2021-02-24,1.04
Scotland,,2021-02-25,1.2
Scotland,,2021-02-26,1.32
Scotland,,2021-02-27,1.4
Scotland,,2021-02-28,1.44
Scotland,,2021-03-01,1.55
Scotland,,2021-03-02,1.69
Scotland,,2021-03-03,1.83
Scotland,,2021-03-04,1.98
Scotland,,2021-03-05,2.09
Scotland,,2021-03-06,2.12
Scotland,,2021-03-07,2.17
Scotland,,2021-03-08,2.26
Scotland,,2021-03-09,2.43
Serbia,SRB,2021-02-10,0.7
Serbia,SRB,2021-02-12,1.85
Serbia,SRB,2021-02-14,2.67
Serbia,SRB,2021-02-23,6.95
Serbia,SRB,2021-02-24,7.16
Serbia,SRB,2021-02-25,7.31
Serbia,SRB,2021-02-26,7.45
Serbia,SRB,2021-02-27,7.52
Serbia,SRB,2021-02-28,7.52
Serbia,SRB,2021-03-01,7.7
Serbia,SRB,2021-03-02,7.8
Serbia,SRB,2021-03-03,7.86
Serbia,SRB,2021-03-04,8.29
Serbia,SRB,2021-03-05,8.72
Serbia,SRB,2021-03-06,9.11
Serbia,SRB,2021-03-07,9.12
Serbia,SRB,2021-03-08,9.16
Serbia,SRB,2021-03-09,9.2
Serbia,SRB,2021-03-10,9.51
Seychelles,SYC,2021-02-03,0.01
Seychelles,SYC,2021-02-06,1.61
Seychelles,SYC,2021-02-08,4.05
Seychelles,SYC,2021-02-09,6.81
Seychelles,SYC,2021-02-10,10.51
Seychelles,SYC,2021-02-11,14.1
Seychelles,SYC,2021-02-13,14.42
Seychelles,SYC,2021-02-15,16.72
Seychelles,SYC,2021-02-16,18.48
Seychelles,SYC,2021-02-17,19.84
Seychelles,SYC,2021-02-18,21.01
Seychelles,SYC,2021-02-19,21.96
Seychelles,SYC,2021-02-21,21.96
Seychelles,SYC,2021-02-23,23.77
Seychelles,SYC,2021-02-25,23.92
Seychelles,SYC,2021-02-27,23.95
Seychelles,SYC,2021-03-01,24.64
Seychelles,SYC,2021-03-03,25.02
Seychelles,SYC,2021-03-05,25.04
Seychelles,SYC,2021-03-09,27.02
Singapore,SGP,2021-01-27,0
Singapore,SGP,2021-01-31,0
Singapore,SGP,2021-02-02,0.1
Singapore,SGP,2021-02-10,0.1
Singapore,SGP,2021-02-18,1.88
Singapore,SGP,2021-03-01,3.54
Singapore,SGP,2021-03-04,3.67
Singapore,SGP,2021-03-07,3.71
Singapore,SGP,2021-03-08,3.74
Slovakia,SVK,2021-01-18,0.01
Slovakia,SVK,2021-01-19,0.02
Slovakia,SVK,2021-01-20,0.03
Slovakia,SVK,2021-01-21,0.05
Slovakia,SVK,2021-01-22,0.05
Slovakia,SVK,2021-01-23,0.05
Slovakia,SVK,2021-01-24,0.05
Slovakia,SVK,2021-01-25,0.09
Slovakia,SVK,2021-01-26,0.1
Slovakia,SVK,2021-01-27,0.1
Slovakia,SVK,2021-01-28,0.13
Slovakia,SVK,2021-01-29,0.17
Slovakia,SVK,2021-01-30,0.17
Slovakia,SVK,2021-01-31,0.17
Slovakia,SVK,2021-02-01,0.23
Slovakia,SVK,2021-02-02,0.29
Slovakia,SVK,2021-02-03,0.33
Slovakia,SVK,2021-02-04,0.44
Slovakia,SVK,2021-02-05,0.56
Slovakia,SVK,2021-02-06,0.57
Slovakia,SVK,2021-02-07,0.57
Slovakia,SVK,2021-02-08,0.64
Slovakia,SVK,2021-02-09,0.78
Slovakia,SVK,2021-02-10,0.9
Slovakia,SVK,2021-02-11,1.02
Slovakia,SVK,2021-02-12,1.14
Slovakia,SVK,2021-02-13,1.14
Slovakia,SVK,2021-02-14,1.15
Slovakia,SVK,2021-02-15,1.27
Slovakia,SVK,2021-02-16,1.39
Slovakia,SVK,2021-02-17,1.5
Slovakia,SVK,2021-02-18,1.62
Slovakia,SVK,2021-02-19,1.75
Slovakia,SVK,2021-02-20,1.75
Slovakia,SVK,2021-02-21,1.75
Slovakia,SVK,2021-02-22,1.88
Slovakia,SVK,2021-02-23,2
Slovakia,SVK,2021-02-24,2.12
Slovakia,SVK,2021-02-25,2.27
Slovakia,SVK,2021-02-26,2.43
Slovakia,SVK,2021-02-27,2.45
Slovakia,SVK,2021-02-28,2.45
Slovakia,SVK,2021-03-01,2.62
Slovakia,SVK,2021-03-02,2.79
Slovakia,SVK,2021-03-03,2.96
Slovakia,SVK,2021-03-04,3.12
Slovakia,SVK,2021-03-05,3.25
Slovakia,SVK,2021-03-06,3.29
Slovakia,SVK,2021-03-07,3.29
Slovakia,SVK,2021-03-08,3.45
Slovakia,SVK,2021-03-09,3.58
Slovakia,SVK,2021-03-10,3.69
Slovenia,SVN,2021-01-18,0.01
Slovenia,SVN,2021-01-19,0.09
Slovenia,SVN,2021-01-20,0.25
Slovenia,SVN,2021-01-21,0.41
Slovenia,SVN,2021-01-22,0.46
Slovenia,SVN,2021-01-23,0.48
Slovenia,SVN,2021-01-24,0.49
Slovenia,SVN,2021-01-25,0.49
Slovenia,SVN,2021-01-26,0.57
Slovenia,SVN,2021-01-27,0.79
Slovenia,SVN,2021-01-28,1.06
Slovenia,SVN,2021-01-29,1.25
Slovenia,SVN,2021-01-30,1.25
Slovenia,SVN,2021-01-31,1.25
Slovenia,SVN,2021-02-01,1.25
Slovenia,SVN,2021-02-02,1.31
Slovenia,SVN,2021-02-03,1.53
Slovenia,SVN,2021-02-04,1.85
Slovenia,SVN,2021-02-05,2.1
Slovenia,SVN,2021-02-06,2.13
Slovenia,SVN,2021-02-07,2.13
Slovenia,SVN,2021-02-08,2.13
Slovenia,SVN,2021-02-09,2.13
Slovenia,SVN,2021-02-10,2.17
Slovenia,SVN,2021-02-11,2.25
Slovenia,SVN,2021-02-12,2.33
Slovenia,SVN,2021-02-13,2.34
Slovenia,SVN,2021-02-14,2.34
Slovenia,SVN,2021-02-15,2.34
Slovenia,SVN,2021-02-16,2.35
Slovenia,SVN,2021-02-17,2.38
Slovenia,SVN,2021-02-18,2.41
Slovenia,SVN,2021-02-19,2.44
Slovenia,SVN,2021-02-20,2.44
Slovenia,SVN,2021-02-21,2.44
Slovenia,SVN,2021-02-22,2.44
Slovenia,SVN,2021-02-23,2.44
Slovenia,SVN,2021-02-24,2.45
Slovenia,SVN,2021-02-25,2.46
Slovenia,SVN,2021-02-26,2.49
Slovenia,SVN,2021-02-27,2.49
Slovenia,SVN,2021-02-28,2.49
Slovenia,SVN,2021-03-01,2.49
Slovenia,SVN,2021-03-02,2.49
Slovenia,SVN,2021-03-03,2.53
Slovenia,SVN,2021-03-04,2.74
Slovenia,SVN,2021-03-05,3
Slovenia,SVN,2021-03-06,3.03
Slovenia,SVN,2021-03-07,3.03
Slovenia,SVN,2021-03-08,3.05
Slovenia,SVN,2021-03-09,3.07
South Africa,ZAF,2021-02-18,0
South Africa,ZAF,2021-02-19,0.01
South Africa,ZAF,2021-02-20,0.02
South Africa,ZAF,2021-02-21,0.03
South Africa,ZAF,2021-02-22,0.04
South Africa,ZAF,2021-02-23,0.05
South Africa,ZAF,2021-02-24,0.07
South Africa,ZAF,2021-02-25,0.09
South Africa,ZAF,2021-02-26,0.11
South Africa,ZAF,2021-02-27,0.11
South Africa,ZAF,2021-02-28,0.12
South Africa,ZAF,2021-03-01,0.12
South Africa,ZAF,2021-03-02,0.13
South Africa,ZAF,2021-03-03,0.14
South Africa,ZAF,2021-03-04,0.16
South Africa,ZAF,2021-03-05,0.17
South Africa,ZAF,2021-03-06,0.17
South Africa,ZAF,2021-03-07,0.17
South Africa,ZAF,2021-03-08,0.17
South Africa,ZAF,2021-03-09,0.18
South Africa,ZAF,2021-03-10,0.22
Spain,ESP,2021-01-18,0
Spain,ESP,2021-01-19,0.02
Spain,ESP,2021-01-20,0.03
Spain,ESP,2021-01-21,0.1
Spain,ESP,2021-01-22,0.15
Spain,ESP,2021-01-24,0.19
Spain,ESP,2021-01-25,0.26
Spain,ESP,2021-01-26,0.37
Spain,ESP,2021-01-27,0.41
Spain,ESP,2021-01-28,0.54
Spain,ESP,2021-01-31,0.77
Spain,ESP,2021-02-01,0.9
Spain,ESP,2021-02-02,1.07
Spain,ESP,2021-02-03,1.25
Spain,ESP,2021-02-04,1.46
Spain,ESP,2021-02-07,1.68
Spain,ESP,2021-02-08,1.79
Spain,ESP,2021-02-09,1.9
Spain,ESP,2021-02-10,2.02
Spain,ESP,2021-02-11,2.14
Spain,ESP,2021-02-14,2.29
Spain,ESP,2021-02-15,2.35
Spain,ESP,2021-02-16,2.39
Spain,ESP,2021-02-17,2.45
Spain,ESP,2021-02-18,2.5
Spain,ESP,2021-02-21,2.56
Spain,ESP,2021-02-22,2.58
Spain,ESP,2021-02-23,2.61
Spain,ESP,2021-02-24,2.63
Spain,ESP,2021-02-25,2.66
Spain,ESP,2021-02-28,2.7
Spain,ESP,2021-03-01,2.71
Spain,ESP,2021-03-02,2.75
Spain,ESP,2021-03-03,2.8
Spain,ESP,2021-03-04,2.87
Spain,ESP,2021-03-07,2.96
Spain,ESP,2021-03-08,3.02
Spain,ESP,2021-03-09,3.1
Sweden,SWE,2021-01-17,0
Sweden,SWE,2021-01-24,0.1
Sweden,SWE,2021-01-31,0.34
Sweden,SWE,2021-02-07,0.86
Sweden,SWE,2021-02-14,1.51
Sweden,SWE,2021-02-21,2.3
Sweden,SWE,2021-02-28,2.76
Sweden,SWE,2021-03-03,2.76
Sweden,SWE,2021-03-04,2.82
Sweden,SWE,2021-03-05,2.9
Sweden,SWE,2021-03-09,3.13
Sweden,SWE,2021-03-10,3.17
Switzerland,CHE,2021-02-14,1.18
Switzerland,CHE,2021-02-15,1.24
Switzerland,CHE,2021-02-16,1.32
Switzerland,CHE,2021-02-17,1.58
Switzerland,CHE,2021-02-18,1.67
Switzerland,CHE,2021-02-19,1.75
Switzerland,CHE,2021-02-20,1.78
Switzerland,CHE,2021-02-21,2
Switzerland,CHE,2021-02-22,2.07
Switzerland,CHE,2021-02-23,2.15
Switzerland,CHE,2021-02-24,2.55
Switzerland,CHE,2021-02-25,2.63
Switzerland,CHE,2021-02-26,2.7
Switzerland,CHE,2021-02-27,2.72
Switzerland,CHE,2021-02-28,2.99
Switzerland,CHE,2021-03-01,3.05
Switzerland,CHE,2021-03-02,3.11
Switzerland,CHE,2021-03-03,3.46
Switzerland,CHE,2021-03-04,3.53
Switzerland,CHE,2021-03-05,3.57
Switzerland,CHE,2021-03-06,3.58
Switzerland,CHE,2021-03-07,3.83
Turkey,TUR,2021-02-12,0.4
Turkey,TUR,2021-02-13,0.54
Turkey,TUR,2021-02-14,0.58
Turkey,TUR,2021-02-15,0.68
Turkey,TUR,2021-02-16,0.77
Turkey,TUR,2021-02-17,0.88
Turkey,TUR,2021-02-18,1.03
Turkey,TUR,2021-02-19,1.16
Turkey,TUR,2021-02-20,1.22
Turkey,TUR,2021-02-21,1.25
Turkey,TUR,2021-02-22,1.3
Turkey,TUR,2021-02-23,1.4
Turkey,TUR,2021-02-24,1.5
Turkey,TUR,2021-02-25,1.66
Turkey,TUR,2021-02-26,1.84
Turkey,TUR,2021-02-27,1.97
Turkey,TUR,2021-02-28,1.99
Turkey,TUR,2021-03-01,2.13
Turkey,TUR,2021-03-02,2.31
Turkey,TUR,2021-03-03,2.46
Turkey,TUR,2021-03-04,2.62
Turkey,TUR,2021-03-05,2.74
Turkey,TUR,2021-03-06,2.81
Turkey,TUR,2021-03-07,2.84
Turkey,TUR,2021-03-08,2.89
Turkey,TUR,2021-03-09,3.02
Turkey,TUR,2021-03-10,3.1
United Arab Emirates,ARE,2021-01-10,2.53
United Arab Emirates,ARE,2021-02-23,22.12
United Kingdom,GBR,2021-01-03,0.03
United Kingdom,GBR,2021-01-10,0.58
United Kingdom,GBR,2021-01-11,0.61
United Kingdom,GBR,2021-01-12,0.63
United Kingdom,GBR,2021-01-13,0.65
United Kingdom,GBR,2021-01-14,0.65
United Kingdom,GBR,2021-01-15,0.66
United Kingdom,GBR,2021-01-16,0.66
United Kingdom,GBR,2021-01-17,0.67
United Kingdom,GBR,2021-01-18,0.67
United Kingdom,GBR,2021-01-19,0.68
United Kingdom,GBR,2021-01-20,0.68
United Kingdom,GBR,2021-01-21,0.69
United Kingdom,GBR,2021-01-22,0.69
United Kingdom,GBR,2021-01-23,0.69
United Kingdom,GBR,2021-01-24,0.69
United Kingdom,GBR,2021-01-25,0.7
United Kingdom,GBR,2021-01-26,0.7
United Kingdom,GBR,2021-01-27,0.7
United Kingdom,GBR,2021-01-28,0.7
United Kingdom,GBR,2021-01-29,0.71
United Kingdom,GBR,2021-01-30,0.72
United Kingdom,GBR,2021-01-31,0.73
United Kingdom,GBR,2021-02-01,0.73
United Kingdom,GBR,2021-02-02,0.73
United Kingdom,GBR,2021-02-03,0.74
United Kingdom,GBR,2021-02-04,0.75
United Kingdom,GBR,2021-02-05,0.75
United Kingdom,GBR,2021-02-06,0.75
United Kingdom,GBR,2021-02-07,0.76
United Kingdom,GBR,2021-02-08,0.76
United Kingdom,GBR,2021-02-09,0.77
United Kingdom,GBR,2021-02-10,0.77
United Kingdom,GBR,2021-02-11,0.78
United Kingdom,GBR,2021-02-12,0.79
United Kingdom,GBR,2021-02-13,0.79
United Kingdom,GBR,2021-02-14,0.79
United Kingdom,GBR,2021-02-15,0.8
United Kingdom,GBR,2021-02-16,0.82
United Kingdom,GBR,2021-02-17,0.85
United Kingdom,GBR,2021-02-18,0.87
United Kingdom,GBR,2021-02-19,0.89
United Kingdom,GBR,2021-02-20,0.91
United Kingdom,GBR,2021-02-21,0.92
United Kingdom,GBR,2021-02-22,0.95
United Kingdom,GBR,2021-02-23,0.99
United Kingdom,GBR,2021-02-24,1.03
United Kingdom,GBR,2021-02-25,1.08
United Kingdom,GBR,2021-02-26,1.13
United Kingdom,GBR,2021-02-27,1.17
United Kingdom,GBR,2021-02-28,1.2
United Kingdom,GBR,2021-03-01,1.24
United Kingdom,GBR,2021-03-02,1.32
United Kingdom,GBR,2021-03-03,1.42
United Kingdom,GBR,2021-03-04,1.52
United Kingdom,GBR,2021-03-05,1.61
United Kingdom,GBR,2021-03-06,1.65
United Kingdom,GBR,2021-03-07,1.68
United Kingdom,GBR,2021-03-08,1.74
United Kingdom,GBR,2021-03-09,1.85
United States,USA,2021-01-14,0.4
United States,USA,2021-01-15,0.48
United States,USA,2021-01-19,0.6
United States,USA,2021-01-20,0.65
United States,USA,2021-01-21,0.72
United States,USA,2021-01-22,0.82
United States,USA,2021-01-23,0.91
United States,USA,2021-01-24,0.96
United States,USA,2021-01-25,1
United States,USA,2021-01-26,1.04
United States,USA,2021-01-27,1.14
United States,USA,2021-01-28,1.27
United States,USA,2021-01-29,1.43
United States,USA,2021-01-30,1.57
United States,USA,2021-01-31,1.69
United States,USA,2021-02-01,1.77
United States,USA,2021-02-02,1.81
United States,USA,2021-02-03,1.92
United States,USA,2021-02-04,2.07
United States,USA,2021-02-05,2.24
United States,USA,2021-02-06,2.49
United States,USA,2021-02-07,2.74
United States,USA,2021-02-08,2.85
United States,USA,2021-02-09,2.94
United States,USA,2021-02-10,3.13
United States,USA,2021-02-11,3.35
United States,USA,2021-02-12,3.61
United States,USA,2021-02-13,3.91
United States,USA,2021-02-14,4.21
United States,USA,2021-02-16,4.49
United States,USA,2021-02-17,4.63
United States,USA,2021-02-18,4.83
United States,USA,2021-02-19,5.09
United States,USA,2021-02-20,5.35
United States,USA,2021-02-21,5.64
United States,USA,2021-02-22,5.81
United States,USA,2021-02-23,5.94
United States,USA,2021-02-24,6.16
United States,USA,2021-02-25,6.45
United States,USA,2021-02-26,6.76
United States,USA,2021-02-27,7.09
United States,USA,2021-02-28,7.41
United States,USA,2021-03-01,7.61
United States,USA,2021-03-02,7.82
United States,USA,2021-03-03,8.06
United States,USA,2021-03-04,8.31
United States,USA,2021-03-05,8.58
United States,USA,2021-03-06,8.9
United States,USA,2021-03-07,9.18
United States,USA,2021-03-08,9.42
United States,USA,2021-03-09,9.6
United States,USA,2021-03-10,9.84
Wales,,2021-01-03,0
Wales,,2021-01-10,0
Wales,,2021-01-11,0
Wales,,2021-01-12,0
Wales,,2021-01-13,0
Wales,,2021-01-14,0
Wales,,2021-01-17,0.01
Wales,,2021-01-18,0.01
Wales,,2021-01-19,0.01
Wales,,2021-01-20,0.01
Wales,,2021-01-21,0.01
Wales,,2021-01-22,0.01
Wales,,2021-01-23,0.02
Wales,,2021-01-24,0.02
Wales,,2021-01-25,0.02
Wales,,2021-01-26,0.02
Wales,,2021-01-27,0.02
Wales,,2021-01-28,0.02
Wales,,2021-01-29,0.02
Wales,,2021-01-30,0.02
Wales,,2021-01-31,0.03
Wales,,2021-02-01,0.03
Wales,,2021-02-02,0.04
Wales,,2021-02-03,0.04
Wales,,2021-02-04,0.05
Wales,,2021-02-05,0.08
Wales,,2021-02-06,0.08
Wales,,2021-02-07,0.09
Wales,,2021-02-08,0.11
Wales,,2021-02-09,0.12
Wales,,2021-02-10,0.12
Wales,,2021-02-11,0.13
Wales,,2021-02-12,0.13
Wales,,2021-02-13,0.15
Wales,,2021-02-14,0.17
Wales,,2021-02-15,0.23
Wales,,2021-02-16,0.41
Wales,,2021-02-17,0.61
Wales,,2021-02-18,0.81
Wales,,2021-02-19,1.02
Wales,,2021-02-20,1.2
Wales,,2021-02-21,1.36
Wales,,2021-02-22,1.58
Wales,,2021-02-23,1.88
Wales,,2021-02-24,2.22
Wales,,2021-02-25,2.54
Wales,,2021-02-26,2.82
Wales,,2021-02-27,3.06
Wales,,2021-02-28,3.29
Wales,,2021-03-01,3.54
Wales,,2021-03-02,3.96
Wales,,2021-03-03,4.42
Wales,,2021-03-04,4.91
Wales,,2021-03-05,5.33
Wales,,2021-03-06,5.58
Wales,,2021-03-07,5.83
Wales,,2021-03-08,6.09
Wales,,2021-03-09,6.55
World,OWID_WRL,2021-01-03,0
World,OWID_WRL,2021-01-04,0
World,OWID_WRL,2021-01-05,0
World,OWID_WRL,2021-01-06,0
World,OWID_WRL,2021-01-07,0
World,OWID_WRL,2021-01-08,0
World,OWID_WRL,2021-01-09,0
World,OWID_WRL,2021-01-10,0.01
World,OWID_WRL,2021-01-11,0.01
World,OWID_WRL,2021-01-12,0.01
World,OWID_WRL,2021-01-13,0.01
World,OWID_WRL,2021-01-14,0.03
World,OWID_WRL,2021-01-15,0.03
World,OWID_WRL,2021-01-16,0.03
World,OWID_WRL,2021-01-17,0.03
World,OWID_WRL,2021-01-18,0.04
World,OWID_WRL,2021-01-19,0.05
World,OWID_WRL,2021-01-20,0.05
World,OWID_WRL,2021-01-21,0.06
World,OWID_WRL,2021-01-22,0.06
World,OWID_WRL,2021-01-23,0.07
World,OWID_WRL,2021-01-24,0.08
World,OWID_WRL,2021-01-25,0.08
World,OWID_WRL,2021-01-26,0.09
World,OWID_WRL,2021-01-27,0.1
World,OWID_WRL,2021-01-28,0.11
World,OWID_WRL,2021-01-29,0.12
World,OWID_WRL,2021-01-30,0.13
World,OWID_WRL,2021-01-31,0.14
World,OWID_WRL,2021-02-01,0.15
World,OWID_WRL,2021-02-02,0.16
World,OWID_WRL,2021-02-03,0.17
World,OWID_WRL,2021-02-04,0.19
World,OWID_WRL,2021-02-05,0.2
World,OWID_WRL,2021-02-06,0.21
World,OWID_WRL,2021-02-07,0.23
World,OWID_WRL,2021-02-08,0.24
World,OWID_WRL,2021-02-09,0.25
World,OWID_WRL,2021-02-10,0.29
World,OWID_WRL,2021-02-11,0.31
World,OWID_WRL,2021-02-12,0.33
World,OWID_WRL,2021-02-13,0.35
World,OWID_WRL,2021-02-14,0.37
World,OWID_WRL,2021-02-15,0.38
World,OWID_WRL,2021-02-16,0.4
World,OWID_WRL,2021-02-17,0.42
World,OWID_WRL,2021-02-18,0.44
World,OWID_WRL,2021-02-19,0.47
World,OWID_WRL,2021-02-20,0.49
World,OWID_WRL,2021-02-21,0.51
World,OWID_WRL,2021-02-22,0.53
World,OWID_WRL,2021-02-23,0.57
World,OWID_WRL,2021-02-24,0.59
World,OWID_WRL,2021-02-25,0.62
World,OWID_WRL,2021-02-26,0.65
World,OWID_WRL,2021-02-27,0.68
World,OWID_WRL,2021-02-28,0.69
World,OWID_WRL,2021-03-01,0.71
World,OWID_WRL,2021-03-02,0.73
World,OWID_WRL,2021-03-03,0.75
World,OWID_WRL,2021-03-04,0.78
World,OWID_WRL,2021-03-05,0.81
World,OWID_WRL,2021-03-06,0.84
World,OWID_WRL,2021-03-07,0.86
World,OWID_WRL,2021-03-08,0.88
World,OWID_WRL,2021-03-09,0.91
World,OWID_WRL,2021-03-10,0.94